date,gross_return,n_positions,n_long,n_short,beta_exposure,turnover,fixed_cost,mktrf,market_hedge_weight,market_hedge_return,beta_neutral_gross_return,net_return,taq_total_cost,taq_cost_coverage,taq_traded_names,taq_net_return
2006-01-01,0.022680403543397544,369,185,184,-0.40183892698544865,1.0,0.001,-0.003,0.40183892698544865,-0.001205516780956346,0.0214748867624412,0.020474886762441198,0.002389532010191319,1.0,369,0.01908535475224988
2006-02-01,-0.026177186643174994,467,232,235,-0.3729527995455216,1.2122576111532168,0.0012122576111532168,0.0147,0.3729527995455216,0.005482406153319167,-0.020694780489855825,-0.02190703810100904,0.002435580762077973,0.981418918918919,592,-0.0231303612519338
2006-03-01,0.013464708240602105,385,190,195,0.45477172805342103,1.952904567207526,0.0019529045672075258,0.0073,-0.45477172805342103,-0.0033198336147899736,0.010144874625812131,0.008191970058604605,0.004241075332259324,0.994269340974212,698,0.0059037992935528074
2006-04-01,0.00786692532800246,421,213,208,0.2716313238667036,1.5663516121176413,0.0015663516121176412,-0.0356,-0.2716313238667036,0.009670075129654647,0.017537000457657107,0.015970648845539465,0.0036769037340550086,0.9721362229102167,646,0.013860096723602099
2006-05-01,-0.0013245052803044683,413,199,214,-0.004540409301010736,1.5981411669068684,0.0015981411669068685,-0.0035,0.004540409301010736,-1.5891432553537575e-05,-0.001340396712858006,-0.0029385378797648744,0.003855878288460235,0.9667149059334298,691,-0.005196275001318241
2006-06-01,0.03452970878522005,450,230,220,-0.40223461455564663,1.52720412135334,0.00152720412135334,-0.0077,0.40223461455564663,-0.0030972065320784793,0.03143250225314157,0.02990529813178823,0.003488481127997537,0.9911504424778761,678,0.027944021125144033
2006-07-01,0.0067634373310464825,506,261,245,-0.43718201706949406,0.597823982334615,0.000597823982334615,0.0203,0.43718201706949406,0.00887479494651073,0.015638232277557212,0.015040408295222596,0.0012704837270780206,0.9873873873873874,555,0.014367748550479191
2006-08-01,-0.006377237622130919,371,186,185,0.6392626241356953,1.9966666666666666,0.0019966666666666666,0.0184,-0.6392626241356953,-0.011762432284096794,-0.018139669906227715,-0.020136336572894382,0.004367176159682844,0.9921507064364207,637,-0.02250684606591056
2006-09-01,0.0065774915039222386,420,202,218,-0.08557677103430672,1.6750462798826438,0.0016750462798826437,0.0322,0.08557677103430672,0.0027555720273046763,0.009333063531226916,0.007658017251344272,0.0038864445235472864,0.991044776119403,670,0.005446619007679629
2006-10-01,0.012488380060551918,442,216,226,0.19902530506252716,1.4302874471887645,0.0014302874471887645,0.017,-0.19902530506252716,-0.003383430186062962,0.009104949874488956,0.007674662427300192,0.0034030741793423486,0.9896449704142012,676,0.005701875695146607
2006-11-01,0.02241020012636745,437,206,231,-0.4704286518390226,1.631866969608337,0.0016318669696083368,0.0085,0.4704286518390226,0.003998643540631693,0.02640884366699914,0.024776976697390804,0.00356669740765682,0.9889349930843707,723,0.022842146259342323
2006-12-01,0.01943443509616395,427,209,218,0.11618282035752628,1.584463936944939,0.0015844639369449389,0.0138,-0.11618282035752628,-0.0016033229209338627,0.01783111217523009,0.01624664823828515,0.003676901366702675,0.9842180774748924,697,0.014154210808527416
2007-01-01,0.0007342723216941825,450,242,208,0.41654847059653244,1.5829082793579163,0.0015829082793579162,-0.0196,-0.41654847059653244,0.008164350023692035,0.008898622345386218,0.007315714066028302,0.0037067931267804953,0.9871611982881597,701,0.005191829218605722
2007-02-01,0.0014459697567186878,428,224,204,0.1927966223019078,1.7898352905939572,0.0017898352905939571,0.0071,-0.1927966223019078,-0.0013688560183435455,7.711373837514224e-05,-0.001712721552218815,0.004051311789296385,0.9864864864864865,740,-0.003974198050921243
2007-03-01,0.010554706400629919,443,223,220,-0.010952326780080787,1.5831230412189865,0.0015831230412189864,0.0349,0.010952326780080787,0.00038223620462481947,0.010936942605254739,0.009353819564035751,0.003796608251369282,0.9866071428571429,672,0.0071403343538854564
2007-04-01,-0.0074839695891040624,449,228,221,-0.3843552921017855,1.675971653569437,0.001675971653569437,0.0323,0.3843552921017855,0.012414675934887673,0.00493070634578361,0.003254734692214173,0.003873610793074106,0.9865591397849462,744,0.0010570955527095041
2007-05-01,0.003080508459592488,473,237,236,-0.5359614187804324,1.471454283588608,0.001471454283588608,-0.0196,0.5359614187804324,-0.010504843808096473,-0.007424335348503985,-0.008895789632092593,0.0033403933181318573,0.9932432432432432,740,-0.010764728666635841
2007-06-01,-0.0011588416953796392,488,245,243,-0.33831095117981647,1.3415383335124926,0.0013415383335124926,-0.0372,0.33831095117981647,-0.012585167383889172,-0.013744009079268812,-0.015085547412781303,0.003264088383013435,0.9930651872399445,721,-0.017008097462282247
2007-07-01,-0.003939215285898151,415,208,207,0.2860424127477814,1.8458578292890249,0.0018458578292890248,0.0094,-0.2860424127477814,-0.0026887986798291453,-0.006628013965727296,-0.008473871795016321,0.004131954641010004,0.9658792650918635,762,-0.010759968606737301
2007-08-01,-0.010901346836917151,410,205,205,-0.2872259169074433,1.807342486310384,0.0018073424863103839,0.0322,0.2872259169074433,0.009248674524419674,-0.0016526723124974767,-0.0034600147988078605,0.004456303459947276,0.9825834542815675,689,-0.006108975772444752
2007-09-01,-0.007406137477644962,453,216,237,-0.3828320868873291,1.3371906443539374,0.0013371906443539374,0.0179,0.3828320868873291,0.006852694355283191,-0.0005534431223617707,-0.0018906337667157081,0.0029579554557138356,0.9801223241590215,654,-0.0035113985780756063
2007-10-01,-0.035983182949906205,402,198,204,0.3086319250841344,1.9429691381778667,0.0019429691381778668,-0.048,-0.3086319250841344,0.014814332404038452,-0.021168850545867753,-0.02311181968404562,0.003884917303265255,0.9850074962518741,667,-0.025053767849133008
2007-11-01,-0.0060735528774129065,392,194,198,-0.3849428737808238,1.9651148043340905,0.0019651148043340902,-0.0087,0.3849428737808238,-0.0033490030018931667,-0.009422555879306073,-0.011387670683640164,0.004076851462885602,0.9663299663299664,594,-0.013499407342191676
2007-12-01,0.014012658556604475,465,234,231,-0.2951183632611334,0.8403287084527764,0.0008403287084527765,-0.0633,0.2951183632611334,-0.018680992394429743,-0.004668333837825268,-0.005508662546278045,0.0020688664245688553,0.9761904761904762,546,-0.0067372002623941225
2008-01-01,-0.01377895798035988,383,190,193,0.31271439768223847,1.9215238630053828,0.001921523863005383,-0.0309,-0.31271439768223847,0.009662874888381169,-0.004116083091978711,-0.006037606954984094,0.0045391883227911866,0.9711815561959655,694,-0.008655271414769898
2008-02-01,0.032665850928147305,379,186,193,-0.3168760669330149,1.9113892333847198,0.0019113892333847196,-0.0094,0.3168760669330149,-0.00297863502917034,0.029687215898976965,0.027775826665592245,0.004586788194187155,0.9800307219662059,651,0.02510042770478981
2008-03-01,0.013765021644086429,474,244,230,-0.3110135500610417,0.947436221428363,0.000947436221428363,0.0461,0.3110135500610417,0.014337724657814023,0.028102746301900454,0.02715531008047209,0.0017421261478329458,0.9716312056737588,564,0.026360620154067507
2008-04-01,0.018013771391371163,408,189,219,-0.08319017308198842,1.6143859417951842,0.001614385941795184,0.0187,0.08319017308198842,0.0015556562366331836,0.019569427628004347,0.017955041686209164,0.0031379237593756972,0.9832635983263598,717,0.016431503868628648
2008-05-01,0.01578736414991845,433,202,231,-0.3079001739757715,1.5352117452548741,0.0015352117452548742,-0.0843,0.3079001739757715,-0.02595598466615754,-0.01016862051623909,-0.011703832261493963,0.0035301064852876654,0.9851411589895989,673,-0.013698727001526755
2008-06-01,0.00023455379354396128,370,186,184,0.4227927764155886,1.9290750915750916,0.0019290750915750916,-0.0075,-0.4227927764155886,0.0031709458231169146,0.0034054996166608758,0.0014764245250857842,0.004178669277359058,0.9422492401215805,658,-0.0007731696606981821
2008-07-01,0.00851507845178977,435,200,235,0.05452891272981027,1.4385335265595758,0.0014385335265595758,0.0153,-0.05452891272981027,-0.000834292364766097,0.007680786087023672,0.006242252560464096,0.003670345188701199,0.9858490566037735,636,0.004010440898322473
2008-08-01,0.06697057371834023,390,188,202,-0.39906095102730427,1.7675634143425274,0.0017675634143425273,-0.0935,0.39906095102730427,-0.03731219892105295,0.02965837479728728,0.02789081138294475,0.004070643261531166,0.9866071428571429,672,0.025587731535756112
2008-09-01,-0.048842414570590506,375,184,191,-0.02210749979324749,1.7045242222466799,0.0017045242222466796,-0.172,0.02210749979324749,-0.003802489964438568,-0.052644904535029076,-0.054349428757275754,0.0037506130750224755,0.9660743134087237,619,-0.05639551761005155
2008-10-01,-0.0028562302932367747,361,174,187,-0.14475712401713475,1.6103504316961033,0.0016103504316961033,-0.0774,0.14475712401713475,-0.01120420139892623,-0.014060431692163004,-0.015670782123859108,0.003681761080791042,0.8743545611015491,581,-0.017742192772954045
2008-11-01,-0.022203403682350464,348,160,188,-0.2018288365628942,1.6196265256344164,0.0016196265256344165,0.0177,0.2018288365628942,0.0035723704071632272,-0.018631033275187236,-0.020250659800821653,0.003792342958561431,0.9263157894736842,570,-0.022423376233748668
2008-12-01,-0.0030694145797545173,340,173,167,0.20071478599935252,1.845176966960055,0.0018451769669600552,-0.0809,-0.20071478599935252,0.01623782618734762,0.013168411607593102,0.011323234640633046,0.0043667505211165145,0.9860869565217392,575,0.008801661086476589
2009-01-01,-0.02063831642904549,368,186,182,0.2861118753709733,1.4402194547381713,0.0014402194547381713,-0.1014,-0.2861118753709733,0.029011744162616697,0.008373427733571207,0.006933208278833035,0.0033939862226013574,0.9355992844364938,559,0.004979441510969849
2009-02-01,-0.03325784515387751,320,151,169,-0.09855872165395499,1.725453782328782,0.0017254537823287819,0.0901,0.09855872165395499,0.008880140821021345,-0.024377704332856166,-0.02610315811518495,0.0040692601382784225,0.9240282685512368,566,-0.028446964471134588
2009-03-01,-0.1562100570893635,362,182,180,-0.35552005620636185,1.5015704041126443,0.0015015704041126444,0.1017,0.35552005620636185,0.036156389716187,-0.12005366737317649,-0.12155523777728913,0.003653036966709262,0.9864341085271318,516,-0.12370670433988576
2009-04-01,-0.03892034636108964,414,192,222,-0.4021590619794658,1.1290529000406084,0.0011290529000406084,0.0521,0.4021590619794658,0.02095248712913017,-0.017967859231959468,-0.019096912132000078,0.00302489210759946,0.9926739926739927,546,-0.020992751339558927
2009-05-01,-0.0077836892584051895,384,200,184,0.022850809773164428,1.5493139882228513,0.0015493139882228513,0.0042,-0.022850809773164428,-9.597340104729059e-05,-0.00787966265945248,-0.00942897664767533,0.004044019339995581,0.9780907668231612,639,-0.011923681999448061
2009-06-01,-0.003460729662921801,396,198,198,0.12112124478760719,1.3666990361922002,0.0013666990361922001,0.0774,-0.12112124478760719,-0.009374784346560796,-0.012835514009482598,-0.014202213045674799,0.0034851789864957477,0.9749163879598662,598,-0.016320692995978346
2009-07-01,-0.03462532263817239,373,179,194,-0.4768083966468356,1.7069884251336715,0.0017069884251336718,0.0333,0.4768083966468356,0.015877719608339627,-0.018747603029832763,-0.020454591454966434,0.003936754872090241,0.9936908517350158,634,-0.022684357901923004
2009-08-01,-0.030988759003724678,446,232,214,-0.2839927026019191,1.1444207475868549,0.0011444207475868548,0.0408,0.2839927026019191,0.0115869022661583,-0.019401856737566378,-0.020546277485153232,0.0030044869113258084,0.989778534923339,587,-0.022406343648892185
2009-09-01,0.010405678193433916,389,193,196,0.06840925262630054,1.7658928770267757,0.0017658928770267757,-0.0253,-0.06840925262630054,0.0017307540914454037,0.01213643228487932,0.010370539407852545,0.004263733163556438,0.988950276243094,724,0.007872699121322883
2009-10-01,-0.022548096137719013,389,192,197,-0.25668048351595485,1.6798509260946264,0.0016798509260946264,0.0563,0.25668048351595485,0.01445111122194826,-0.008096984915770754,-0.00977683584186538,0.004333991064056469,0.9587786259541985,655,-0.012430975979827223
2009-11-01,0.04875519127738622,375,195,180,0.5644859672835147,1.872494962463277,0.001872494962463277,0.028,-0.5644859672835147,-0.015805607083938415,0.0329495841934478,0.031077089230984525,0.004325481115562394,0.9789303079416531,617,0.02862410307788541
2009-12-01,-0.019972660486705558,393,205,188,0.029288579799950344,1.598805144906212,0.001598805144906212,-0.0335,-0.029288579799950344,0.0009811674232983365,-0.018991493063407222,-0.020590298208313436,0.0038031551081363427,0.9921752738654147,639,-0.022794648171543565
2010-01-01,0.003304604765244488,427,198,229,-0.4901379573788742,1.5143615212645125,0.0015143615212645125,0.0339,0.4901379573788742,0.016615676755143836,0.019920281520388324,0.01840591999912381,0.003525974246451165,0.972972972972973,629,0.016394307273937158
2010-02-01,0.052801348306717504,389,193,196,0.40687704137193004,1.8314069928935364,0.0018314069928935363,0.063,-0.40687704137193004,-0.025633253606431594,0.02716809470028591,0.025336687707392374,0.003667080855405215,0.9867060561299852,677,0.023501013844880694
2010-03-01,0.02110791808584354,450,227,223,0.5534593010784316,1.2574554995340324,0.0012574554995340324,0.0199,-0.5534593010784316,-0.011013840091460789,0.010094077994382751,0.00883662249484872,0.003051083018882462,0.9934640522875817,612,0.007042994975500289
2010-04-01,0.021361312639009995,402,201,201,-0.3364658458595386,1.896844216444239,0.001896844216444239,-0.079,0.3364658458595386,-0.02658080182290355,-0.005219489183893554,-0.007116333400337793,0.004550412041230355,0.989010989010989,728,-0.00976990122512391
2010-05-01,0.04214382030579466,440,207,233,-0.45272528430895254,1.578350547325975,0.001578350547325975,-0.0556,0.45272528430895254,-0.02517152580757776,0.0169722944982169,0.015393943950890925,0.004004782114601032,0.9804804804804805,666,0.012967512383615869
2010-06-01,-0.03426953347216888,420,194,226,-0.40397682018659836,1.4663214020012263,0.0014663214020012262,0.0692,0.40397682018659836,0.027955195956912607,-0.006314337515256271,-0.007780658917257498,0.003477974403957444,0.9457831325301205,664,-0.009792311919213715
2010-07-01,0.0031928638377610556,404,205,199,0.08176846663666877,1.7536914031483304,0.0017536914031483302,-0.0478,-0.08176846663666877,0.003908532705232767,0.007101396542993823,0.005347705139845492,0.004743559418877251,0.9906103286384976,639,0.002357837124116572
2010-08-01,0.0035095013327472394,407,206,201,-0.026732168003449706,1.2665299338913814,0.0012665299338913813,0.0955,0.026732168003449706,0.002552922044329447,0.006062423377076687,0.004795893443185305,0.0032090512546847027,0.9507640067911715,589,0.002853372122391984
2010-09-01,5.3941244744493176e-05,414,189,225,-0.5210065789149028,1.6357935582935585,0.0016357935582935585,0.0387,0.5210065789149028,0.020162954604006737,0.02021689584875123,0.018581102290457674,0.0036268782596066114,0.9881129271916791,673,0.01659001758914462
2010-10-01,0.015546406623023628,373,186,187,0.46315475606573026,1.9608933719788983,0.001960893371978898,0.0059,-0.46315475606573026,-0.0027326130607878084,0.012813793562235819,0.01085290019025692,0.004111473864559876,0.9886178861788618,615,0.008702319697675943
2010-11-01,0.02610035618381289,467,226,241,0.35980071940657776,1.062312068179488,0.001062312068179488,0.0682,-0.35980071940657776,-0.024538409063528603,0.001561947120284287,0.000499635052104799,0.0025817069311119445,0.9947916666666666,576,-0.0010197598108276575
2010-12-01,0.004881918149073756,417,213,204,-0.011367882202409904,1.7464863183287185,0.0017464863183287186,0.0198,0.011367882202409904,0.00022508406760771613,0.005107002216681472,0.003360515898352753,0.004154252027017769,1.0,768,0.0009527501896637027
2011-01-01,-0.004152792044717524,409,208,201,-0.0597641247480957,1.728400230889344,0.0017284002308893443,0.0348,0.0597641247480957,0.0020797915412337302,-0.0020730005034837935,-0.0038014007343731377,0.00435677858026229,0.9721407624633431,682,-0.006429779083746083
2011-02-01,0.01277966212722912,412,212,200,0.36966026927613654,1.8616571596487574,0.0018616571596487574,0.0045,-0.36966026927613654,-0.0016634712117426142,0.011116190915486506,0.009254533755837749,0.004240434578735663,0.9852507374631269,678,0.006875756336750843
2011-03-01,0.009020470468691961,413,214,199,-0.27953765683362336,1.7026778270231206,0.0017026778270231204,0.029,0.27953765683362336,0.008106592048175078,0.01712706251686704,0.015424384689843921,0.0036152575418777395,0.9811320754716981,689,0.013511804974989302
2011-04-01,0.034897952705132206,453,213,240,-0.47754567741249837,1.5370058785204341,0.001537005878520434,-0.0127,0.47754567741249837,-0.006064830103138729,0.02883312260199348,0.027296116723473044,0.0032746484800258114,0.9861687413554634,723,0.025558474121967666
2011-05-01,-0.016545503479721595,392,197,195,0.4911634604323122,1.995583226905066,0.001995583226905066,-0.0174,-0.4911634604323122,0.008546244211522232,-0.007999259268199364,-0.00999484249510443,0.004065358213580334,0.9801526717557252,655,-0.012064617481779697
2011-06-01,-0.006921787582875684,472,223,249,0.2357482688421948,1.5323539027065616,0.0015323539027065616,-0.0235,-0.2357482688421948,0.005540084317791578,-0.0013817032650841063,-0.002914057167790668,0.0034738893004416997,0.9915134370579916,707,-0.004855592565525806
2011-07-01,0.03611645469878146,421,208,213,-0.3118410727475134,1.76589241768898,0.0017658924176889802,-0.0596,0.3118410727475134,-0.0185857279357518,0.017530726763029664,0.015764834345340685,0.003927414585884143,0.9711934156378601,729,0.01360331217714552
2011-08-01,0.0554623480228993,442,214,228,-0.33765335769203,1.4759202446953217,0.0014759202446953219,-0.0758,0.33765335769203,-0.025594124513055875,0.029868223509843427,0.028392303265148106,0.0031806328260082003,0.9787556904400607,659,0.02668759068383523
2011-09-01,-0.03251732960152698,441,218,223,-0.27309387328686263,1.2679764633142385,0.0012679764633142386,0.1133,0.27309387328686263,0.030941535843401535,-0.0015757937581254433,-0.002843770221439682,0.0026514959769305163,0.9349112426035503,676,-0.004227289735055959
2011-10-01,-0.013544980872872862,401,207,194,0.34669237693457194,1.8480035679908344,0.0018480035679908345,-0.0027,-0.34669237693457194,0.0009360694177233443,-0.012608911455149517,-0.014456915023140351,0.004176392220457239,0.9970282317979198,673,-0.016785303675606756
2011-11-01,-0.004204902059313927,447,219,228,0.39133173415700506,1.128972834628195,0.0011289728346281951,0.0075,-0.39133173415700506,-0.002934988006177538,-0.007139890065491465,-0.00826886290011966,0.002688647835696235,0.9758064516129032,620,-0.0098285379011877
2011-12-01,0.0410239066026072,467,219,248,0.3306081416217442,1.2678031566012717,0.0012678031566012717,0.0505,-0.3306081416217442,-0.016695711151898083,0.024328195450709116,0.023060392294107845,0.002944373438457856,0.9869375907111756,689,0.02138382201225126
2012-01-01,0.001510262255511301,401,203,198,-0.14684461451161437,1.8712854000760843,0.0018712854000760841,0.0442,0.14684461451161437,0.006490531961413356,0.008000794216924657,0.006129508816848574,0.004232103192545555,0.9971181556195965,694,0.0037686910243791023
2012-02-01,0.010791086059432985,443,229,214,-0.32682424274430866,1.643705365657453,0.001643705365657453,0.0312,0.32682424274430866,0.01019691637362243,0.020988002433055417,0.019344297067397962,0.004260544671229773,0.9956395348837209,688,0.016727457761825645
2012-03-01,-0.013741978930845083,415,201,214,0.1611072202545299,1.774561225162747,0.001774561225162747,-0.0085,-0.1611072202545299,0.0013694113721635043,-0.01237256755868158,-0.014147128783844326,0.004371134244436806,0.9874651810584958,718,-0.016743701803118384
2012-04-01,0.04326398327390516,413,194,219,-0.44154049967120157,1.7817429200844348,0.0017817429200844349,-0.0617,0.44154049967120157,-0.027243048829713137,0.016020934444192024,0.014239191524107589,0.004037265680841525,0.9882525697503671,681,0.0119836687633505
2012-05-01,-0.003755559138717136,459,224,235,-0.3457474498980409,1.1226449104869805,0.0011226449104869804,0.0389,0.3457474498980409,0.01344957580103379,0.009694016662316653,0.008571371751829673,0.0026805154362980208,0.9644670050761421,591,0.007013501226018632
2012-06-01,0.024047159109643983,468,229,239,-0.4326043647747343,1.1281660291517237,0.0011281660291517237,0.0079,0.4326043647747343,0.0034175744817204015,0.027464733591364386,0.026336567562212664,0.0028539910209439768,0.9877300613496932,652,0.02461074257042041
2012-07-01,0.0007606796011555996,388,195,193,0.2720865032905209,1.9063202005789217,0.001906320200578922,0.0254,-0.2720865032905209,-0.006910997183579231,-0.006150317582423632,-0.008056637783002554,0.004410263748340452,0.9774964838255977,711,-0.010560581330764084
2012-08-01,-0.01827905545229375,426,217,209,-0.0598374770320676,1.5101566448362556,0.0015101566448362557,0.0273,0.0598374770320676,0.0016335631229754456,-0.016645492329318303,-0.01815564897415456,0.003714180944368738,0.9844961240310077,645,-0.02035967327368704
2012-09-01,-0.018003192605283058,417,202,215,-0.34930008596532797,1.7527651640762654,0.0017527651640762653,-0.0176,0.34930008596532797,-0.0061476815129897725,-0.024150874118272832,-0.025903639282349098,0.004218668407589505,0.9957507082152974,706,-0.028369542525862337
2012-10-01,0.009733442845321925,398,202,196,0.442823658826423,1.9043309447962333,0.0019043309447962333,0.0078,-0.442823658826423,-0.0034540245388460992,0.006279418306475826,0.004375087361679592,0.0038885978692724333,0.9772036474164134,658,0.0023908204372033925
2012-11-01,-0.0019942754897332915,415,214,201,-0.11962632035835527,1.805270194576368,0.001805270194576368,0.0118,0.11962632035835527,0.001411590580228592,-0.0005826849095046994,-0.0023879551040810673,0.0039783413263848365,0.9897959183673469,686,-0.004561026235889536
2012-12-01,0.0012182465035991633,417,213,204,0.4546300181729024,1.6704959791164464,0.0016704959791164463,0.0557,-0.4546300181729024,-0.025322892012230664,-0.0241046455086315,-0.025775141487747944,0.0035588724668054483,0.9869186046511628,688,-0.02766351797543695
2013-01-01,0.003044801301948439,401,201,200,-0.24798971104868833,1.9081631876295528,0.0019081631876295528,0.0128,0.24798971104868833,0.0031742683014232107,0.00621906960337165,0.004310906415742098,0.004275300695558605,0.99079754601227,652,0.0019437689078130455
2013-02-01,0.00892659896318486,436,223,213,0.09904499419296066,1.512463522740022,0.0015124635227400222,0.0404,-0.09904499419296066,-0.004001417765395611,0.00492518119778925,0.003412717675049228,0.003257495936662656,0.9694767441860465,688,0.0016676852611265942
2013-03-01,-0.017793412802336765,436,212,224,0.3302062032422176,1.7165244304801068,0.0017165244304801067,0.0156,-0.3302062032422176,-0.005151216770578594,-0.02294462957291536,-0.024661154003395466,0.003906258979504047,0.99581589958159,717,-0.026850888552419405
2013-04-01,-0.013153236713443636,433,213,220,0.05776821218344641,1.7851516666758191,0.001785151666675819,0.028,-0.05776821218344641,-0.0016175099411364995,-0.014770746654580136,-0.016555898321255955,0.004258562925959574,0.9849108367626886,729,-0.01902930958053971
2013-05-01,-0.012654539533051283,496,253,243,0.10591141212323843,1.1424565024496802,0.0011424565024496802,-0.012,-0.10591141212323843,0.0012709369454788613,-0.011383602587572421,-0.012526059090022102,0.002987352309463667,0.9906396255850234,641,-0.014370954897036088
2013-06-01,0.032915617933518604,474,237,237,0.36967079411203446,1.5937143956729447,0.0015937143956729447,0.0565,-0.36967079411203446,-0.020886399867329947,0.012029218066188656,0.010435503670515711,0.0033145202718995056,0.9884169884169884,777,0.00871469779428915
2013-07-01,-0.0024596311104592814,482,236,246,0.22765176021904873,1.6280221807739665,0.0016280221807739666,-0.0271,-0.22765176021904873,0.00616936270193622,0.003709731591476939,0.0020817094107029727,0.0035241481683100325,0.9974779319041615,793,0.00018558342316690648
2013-08-01,0.0031140883994589,494,261,233,0.13245719724089255,1.5658843745922013,0.0015658843745922013,0.0377,-0.13245719724089255,-0.004993636335981649,-0.0018795479365227487,-0.00344543231111495,0.0036691261446767293,0.9755154639175257,776,-0.005548674081199478
2013-09-01,-0.007342239262996979,482,262,220,0.2206118669096571,1.6213919522139966,0.0016213919522139967,0.0417,-0.2206118669096571,-0.009199514850132701,-0.016541754113129678,-0.018163146065343673,0.0035351587995912192,0.9897959183673469,784,-0.020076912912720898
2013-10-01,0.00864119777708163,469,236,233,-0.0006120511103135801,1.6126315197607917,0.0016126315197607915,0.0311,0.0006120511103135801,1.9034789530752338e-05,0.008660232566612382,0.007047601046851591,0.003609354295263144,0.9797724399494311,791,0.005050878271349238
2013-11-01,0.006219199289829167,453,219,234,0.024561252845915683,1.7723289755238314,0.0017723289755238313,0.0281,-0.024561252845915683,-0.0006901712049702307,0.005529028084858936,0.003756699109335105,0.003952287188936713,0.9922978177150192,779,0.0015767408959222228
2013-12-01,0.0011854264520624804,487,246,241,-0.13896632132493286,1.5127831701925363,0.0015127831701925362,-0.0332,0.13896632132493286,-0.004613681867987771,-0.0034282554159252906,-0.004941038586117827,0.003367001899423774,0.9870633893919794,773,-0.006795257315349064
2014-01-01,0.020318926229508243,481,233,248,0.10428341219370355,1.3118213801570253,0.0013118213801570253,0.0466,-0.10428341219370355,-0.004859607008226585,0.015459319221281659,0.014147497841124634,0.0032223005177286295,0.9811574697173621,743,0.012237018703553029
2014-02-01,0.00910819090839022,504,236,268,-0.040859899262639665,1.469949337012165,0.001469949337012165,0.0043,0.040859899262639665,0.00017569756682935057,0.009283888475219569,0.007813939138207405,0.003881980733767664,0.989501312335958,762,0.005401907741451905
2014-03-01,-0.030311338885507324,460,241,219,0.36450851530892897,1.7765157776357792,0.0017765157776357793,-0.0018,-0.36450851530892897,0.0006561153275560721,-0.029655223557951253,-0.03143173933558703,0.004118648590358679,0.9699624530663329,799,-0.03377387214830993
2014-04-01,0.0014945211315438803,519,243,276,0.10090633435600072,1.6567545460417081,0.001656754546041708,0.0205,-0.10090633435600072,-0.002068579854298015,-0.0005740587227541344,-0.0022308132687958422,0.0037545043671292078,0.9747155499367889,791,-0.004328563089883343
2014-05-01,-0.03263494993431751,456,220,236,-0.36494128313635954,1.8386929399322987,0.0018386929399322987,0.026,0.36494128313635954,0.009488473361545348,-0.023146476572772162,-0.02498516951270446,0.004248186574125928,0.9808673469387755,784,-0.02739466314689809
2014-06-01,0.02205811469266183,488,246,242,0.03893907150747896,1.4943047022851685,0.0014943047022851685,-0.0203,-0.03893907150747896,0.0007904631516018228,0.022848577844263654,0.021354273141978485,0.003434548800030396,0.9947368421052631,760,0.01941402904423326
2014-07-01,0.004403779934966757,469,238,231,0.18621882355204342,1.8593018392941998,0.0018593018392942,0.0424,-0.18621882355204342,-0.007895678118606642,-0.0034918981836398848,-0.005351200022934085,0.00401658557777807,0.9792682926829268,820,-0.0075084837614179546
2014-08-01,-0.037794627874020194,505,260,245,0.4469204991687975,1.4117043919160501,0.0014117043919160501,-0.0196,-0.4469204991687975,0.00875964178370843,-0.029034986090311764,-0.030446690482227815,0.0028607948715895872,0.9973753280839895,762,-0.03189578096190135
2014-09-01,0.0027467302175838496,538,265,273,0.4463974354225272,1.00657215605745,0.00100657215605745,0.0251,-0.4463974354225272,-0.011204575629105432,-0.008457845411521583,-0.009464417567579033,0.002049344106610709,0.9856527977044476,697,-0.01050718951813229
2014-10-01,-0.0037649497769359176,533,252,281,0.20953115932275757,1.228719685895148,0.0012287196858951478,0.0256,-0.20953115932275757,-0.005363997678662594,-0.009128947455598512,-0.01035766714149366,0.002441177244745629,0.9860759493670886,790,-0.011570124700344141
2014-11-01,-0.01210234474518471,477,234,243,-0.3968168055980653,1.6812667325184023,0.0016812667325184023,-0.0005,0.3968168055980653,-0.00019840840279903267,-0.012300753147983743,-0.013982019880502145,0.003182590421510449,0.9848866498740554,794,-0.015483343569494191
2014-12-01,-0.025667075324201656,456,223,233,0.3416288671501059,1.8274561348066531,0.0018274561348066531,-0.031,-0.3416288671501059,0.010590494881653282,-0.015076580442548374,-0.016904036577355026,0.003922800625588675,0.9890859481582538,733,-0.018999381068137047
2015-01-01,-0.0187236699171229,435,218,217,-0.5243957240152158,1.8412125475735395,0.0018412125475735393,0.0613,0.5243957240152158,0.03214545788213273,0.01342178796500983,0.011580575417436291,0.0028131128321142044,0.9567039106145251,716,0.010608675132895626
2015-02-01,0.005320836330660033,456,224,232,0.08900773097130793,1.7923805479819492,0.0017923805479819492,-0.0111,-0.08900773097130793,0.0009879858137815181,0.006308822144441551,0.004516441596459602,0.0029852355877480335,0.9906166219839142,746,0.0033235865566935176
2015-03-01,-0.07461682228423455,490,235,255,-0.17038861559028073,1.6358621744648758,0.0016358621744648758,0.0059,0.17038861559028073,0.0010052928319826562,-0.0736115294522519,-0.07524739162671677,0.003181736326159553,0.9907038512616202,753,-0.07679326577841145
2015-04-01,0.011399294097446293,462,229,233,0.2641032365448795,1.7801997170740633,0.0017801997170740634,0.0137,-0.2641032365448795,-0.003618214340664849,0.007781079756781445,0.006000880039707382,0.003376765575264885,0.9912718204488778,802,0.00440431418151656
2015-05-01,0.00904557481058785,452,223,229,-0.20948101780571715,1.8240910778653068,0.0018240910778653068,-0.0152,0.20948101780571715,-0.0031841114706469007,0.005861463339940949,0.004037372262075642,0.00306548386277016,0.9872935196950444,787,0.0027959794771707886
2015-06-01,-0.014460174020332124,457,232,225,0.19386400724228875,1.8071189951910294,0.0018071189951910295,0.0157,-0.19386400724228875,-0.003043664913703933,-0.017503838934036058,-0.019310957929227088,0.002941805337016836,0.9878048780487805,738,-0.020445644271052894
2015-07-01,0.003973983014010729,457,225,232,-0.1486428741850625,1.833403675967202,0.001833403675967202,-0.0602,0.1486428741850625,-0.008948301025940762,-0.0049743180119300335,-0.006807721687897236,0.0028402323980635477,0.9747340425531915,752,-0.00781455040999358
2015-08-01,0.04112186470497105,484,233,251,-0.15521731398959052,1.5437350938439423,0.0015437350938439422,-0.0306,0.15521731398959052,-0.00474964980808147,0.036372214896889576,0.03482847980304563,0.0026031399381816053,0.9891891891891892,740,0.03376907495870797
2015-09-01,0.002451338563220125,503,245,258,-0.3518880167326293,1.2722055758275639,0.0012722055758275638,0.0775,0.3518880167326293,0.027271321296778773,0.029722659859998897,0.028450454284171332,0.0021930188000385755,0.9596662030598053,719,0.027529641059960322
2015-10-01,0.015478354870161576,522,258,264,-0.22291260213261227,1.2968330480429064,0.0012968330480429063,0.0057,0.22291260213261227,0.0012706018321558899,0.016748956702317467,0.01545212365427456,0.0020833315549609425,0.9948051948051948,770,0.014665625147356524
2015-11-01,0.0008392045128477308,463,231,232,0.06502375446857504,1.8743457106909092,0.001874345710690909,-0.0215,-0.06502375446857504,0.0013980107210743633,0.0022372152339220942,0.0003628695232311852,0.0034634512586403736,0.9828009828009828,814,-0.0012262360247182794
2015-12-01,-0.0633884166011194,521,265,256,0.23458709026472482,1.5218315152416384,0.0015218315152416384,-0.0574,-0.23458709026472482,0.013465298981195205,-0.049923117619924184,-0.05144494913516582,0.002587820745930134,0.9784656796769852,743,-0.05251093836585432
2016-01-01,0.0005068431366266649,529,267,262,0.3285442492214754,1.0611503192148353,0.0010611503192148354,-0.0006,-0.3285442492214754,0.00019712654953288523,0.0007039696861595502,-0.0003571806330552852,0.002436848408814663,0.9412587412587412,715,-0.0017328787226551126
2016-02-01,-0.03410793450791874,424,213,211,-0.43239383236311996,1.9937904248175895,0.0019937904248175896,0.0695,0.43239383236311996,0.03005137134923684,-0.0040565631586819,-0.00605035358349949,0.0058203890377548,0.973463687150838,716,-0.0098769521964367
2016-03-01,-0.040691653475473086,488,242,246,-0.2789751729836358,1.5214105251396006,0.0015214105251396006,0.0092,0.2789751729836358,0.002566571591449449,-0.03812508188402364,-0.039646492409163236,0.0037185492362757067,0.9906040268456375,745,-0.041843631120299346
2016-04-01,-0.010894440745775003,529,261,268,-0.357414370502238,1.242873749538835,0.0012428737495388349,0.0178,0.357414370502238,0.006361975794939837,-0.004532464950835166,-0.005775338700374001,0.002704617257203904,0.9906914893617021,752,-0.007237082208039069
2016-05-01,0.01916789592824224,513,252,261,-0.17716931225607602,1.4019854721735656,0.0014019854721735656,-0.0003,0.17716931225607602,-5.31507936768228e-05,0.019114745134565417,0.01771275966239185,0.003120467193729211,0.9818181818181818,770,0.015994277940836205
2016-06-01,0.00393432193492908,463,229,234,0.03153034362741541,1.5624231184623065,0.0015624231184623064,0.0394,-0.03153034362741541,-0.001242295538920167,0.0026920263960089124,0.001129603277546606,0.0036336913124496604,0.9732685297691372,823,-0.000941664916440748
2016-07-01,-0.024205714849425877,481,243,238,-0.20403033412584154,1.6364982048752297,0.0016364982048752295,0.0049,0.20403033412584154,0.0009997486372166236,-0.02320596621220925,-0.02484246441708448,0.003858534773757142,0.993421052631579,760,-0.027064500985966394
2016-08-01,0.008403415549869677,473,244,229,0.282679193493289,1.721821525886818,0.0017218215258868177,0.0027,-0.282679193493289,-0.0007632338224318804,0.007640181727437796,0.005918360201550978,0.004284339882356396,0.9884467265725289,779,0.0033558418450814
2016-09-01,-0.023184722337344026,521,276,245,0.505470390824743,1.3164525253199866,0.0013164525253199866,-0.0201,-0.505470390824743,0.010159954855577333,-0.013024767481766692,-0.014341220007086678,0.00309385840621439,0.9892328398384926,743,-0.016118625887981082
2016-10-01,0.02522156768102918,516,245,271,0.28993326388528196,1.2204932940478121,0.0012204932940478122,0.0486,-0.28993326388528196,-0.014090756624824702,0.01113081105620448,0.009910317762156668,0.0029422554189050963,0.9767441860465116,731,0.008188555637299384
2016-11-01,-0.014201119019316241,459,227,232,0.0720697967866217,1.8537020826438528,0.0018537020826438527,0.0181,-0.0720697967866217,-0.0013044633218378529,-0.015505582341154095,-0.017359284423797947,0.004088819418965623,0.99644128113879,843,-0.019594401760119718
2016-12-01,-0.013254259448138364,477,233,244,-0.3421554942467991,1.7932814535738266,0.0017932814535738266,0.0194,0.3421554942467991,0.006637816588387902,-0.006616442859750462,-0.008409724313324289,0.004583968865834345,0.9910485933503836,782,-0.011200411725584808
2017-01-01,-0.009815144641139575,475,241,234,0.31981777788263227,1.6422792548106728,0.0016422792548106727,0.0355,-0.31981777788263227,-0.011353531114833445,-0.021168675755973018,-0.02281095501078369,0.0050087649702561295,0.9817470664928292,767,-0.02617744072622915
2017-02-01,-0.0022052203571035598,482,239,243,-0.32128881451176333,1.6258578909064743,0.0016258578909064741,0.0017,0.32128881451176333,0.0005461909846699977,-0.001659029372433562,-0.003284887263340036,0.003681216103381118,0.982256020278834,789,-0.00534024547581468
2017-03-01,0.01277520384374764,492,235,257,-0.1816285871810457,1.554738148359569,0.001554738148359569,0.0108,0.1816285871810457,0.0019615887415552935,0.014736792585302933,0.013182054436943364,0.004481198926403742,0.9875621890547264,804,0.01025559365889919
2017-04-01,-0.008615641732419754,462,230,232,0.5634643682366558,1.8368331728196599,0.0018368331728196598,0.0107,-0.5634643682366558,-0.006029068740132217,-0.014644710472551972,-0.016481543645371632,0.004900716176205204,0.9901112484548825,809,-0.019545426648757178
2017-05-01,-0.010442826896166643,432,216,216,-0.3440618562596477,1.9332307035092104,0.0019332307035092103,0.0079,0.3440618562596477,0.002718088664451217,-0.0077247382317154265,-0.009657968935224637,0.004710945747261002,0.975886524822695,705,-0.012435683978976427
2017-06-01,-0.017760825889723053,464,237,227,0.245481286813872,1.6352269380423283,0.0016352269380423283,0.0188,-0.245481286813872,-0.004615048192100794,-0.022375874081823847,-0.024011101019866175,0.0042866430574754946,0.9986168741355463,723,-0.02666251713929934
2017-07-01,-0.00036923152492199696,504,253,251,0.35810099124673955,1.2380327763338599,0.0012380327763338598,0.0018,-0.35810099124673955,-0.0006445817842441312,-0.0010138133091661282,-0.0022518460854999882,0.002708975789579041,0.992867332382311,701,-0.003722789098745169
2017-08-01,-0.03782456638037331,440,214,226,-0.5716185964351698,1.8645270581054725,0.0018645270581054724,0.0249,0.5716185964351698,0.014233303051235727,-0.023591263329137586,-0.02545579038724306,0.004213365673182427,0.9801587301587301,756,-0.027804629002320013
2017-09-01,0.013874557446070544,516,259,257,-0.581036734604183,0.9977802530573034,0.0009977802530573034,0.0226,0.581036734604183,0.013131430202054536,0.02700598764812508,0.026008207395067776,0.001996984092355723,0.9938080495356038,646,0.025009003555769356
2017-10-01,0.010690504374178102,530,275,255,-0.4163516726548525,1.1956762144022983,0.0011956762144022983,0.0312,0.4163516726548525,0.012990172186831397,0.0236806765610095,0.022485000346607203,0.002391877277831882,0.9798115746971736,743,0.021288799283177617
2017-11-01,-0.004028582992831443,460,226,234,0.23619223058525735,1.7545799258813932,0.0017545799258813933,0.0106,-0.23619223058525735,-0.002503637644203728,-0.006532220637035171,-0.008286800562916564,0.003746849043401395,0.9950062421972534,801,-0.010279069680436567
2017-12-01,0.0022668997009068067,473,239,234,0.039169243178795624,1.5214766536840103,0.0015214766536840103,0.0558,-0.039169243178795624,-0.002185643769376796,8.125593153001081e-05,-0.0014402207221539994,0.003605261941173982,0.9890710382513661,732,-0.003524006009643971
2018-01-01,0.0052196117590360145,477,231,246,-0.13956248860152937,1.4208384478793223,0.0014208384478793224,-0.0364,0.13956248860152937,-0.005080074585095669,0.0001395371739403451,-0.0012813012739389773,0.0027140038808078936,0.9892761394101877,746,-0.0025744667068675485
2018-02-01,-0.006388278580002887,446,228,218,0.22703990522741163,1.8730465992509848,0.001873046599250985,-0.0235,-0.22703990522741163,0.005335437772844173,-0.0010528408071587133,-0.0029258874064096983,0.003829978869097192,0.9815546772068511,759,-0.0048828196762559055
2018-03-01,0.013252855585806292,483,237,246,0.2879811434747539,1.56441187624272,0.00156441187624272,0.0027,-0.2879811434747539,-0.0007775490873818356,0.012475306498424456,0.010910894622181736,0.003080276522585159,0.9735376044568245,718,0.009395029975839297
2018-04-01,-0.015238156304428936,490,235,255,0.07542526676018657,1.6118371954083137,0.0016118371954083137,0.0266,-0.07542526676018657,-0.002006312095820963,-0.017244468400249898,-0.01885630559565821,0.002758158740649348,0.9947159841479525,757,-0.020002627140899246
2018-05-01,-0.006049783704553204,454,235,219,0.10919395465179123,1.7916389059358906,0.0017916389059358907,0.0049,-0.10919395465179123,-0.000535050377793777,-0.006584834082346981,-0.008376472988282872,0.0025266905068456968,0.9914110429447853,815,-0.009111524589192678
2018-06-01,0.015324588904028697,484,247,237,0.2661408294203906,1.6832613618232828,0.0016832613618232826,0.032,-0.2661408294203906,-0.0085165065414525,0.006808082362576198,0.005124821000752916,0.0025202168733922284,0.9936143039591315,783,0.0042878654891839695
2018-07-01,-0.007303486557986636,497,244,253,0.05794864320513606,1.559915827520193,0.001559915827520193,0.0345,-0.05794864320513606,-0.0019992281905771942,-0.009302714748563829,-0.010862630576084022,0.0028587555579922645,0.9908616187989556,766,-0.012161470306556094
2018-08-01,0.013200159433774814,516,243,273,-0.09608210723184814,1.513648514819395,0.001513648514819395,0.0006,0.09608210723184814,5.764926433910888e-05,0.013257808698113924,0.011744160183294529,0.0027895801676757854,0.9847715736040609,788,0.010468228530438137
2018-09-01,0.048875779873087874,551,276,275,-0.15537387955080523,1.2501176785647075,0.0012501176785647075,-0.0765,0.15537387955080523,-0.0118861017856366,0.03698967808745127,0.03573956040888657,0.0022071294504017887,0.981651376146789,763,0.034782548637049486
2018-10-01,-0.023665417962599338,449,223,226,0.028676412255608633,1.8697061685370584,0.0018697061685370585,0.0171,-0.028676412255608633,-0.0004903666495709077,-0.024155784612170245,-0.026025490780707303,0.002782130792715295,0.9631449631449631,814,-0.02693791540488554
2018-11-01,-0.013600824230344977,490,249,241,0.20546917470058657,1.471562451759031,0.001471562451759031,-0.0955,-0.20546917470058657,0.019622306183906018,0.006021481953561041,0.00454991950180201,0.0023800024821074126,0.983402489626556,723,0.0036414794714536287
2018-12-01,-0.014741680397871954,447,226,221,-0.16653753667152438,1.8166801705092266,0.0018166801705092265,0.0837,0.16653753667152438,0.01393919181940659,-0.0008024885784653647,-0.0026191687489745914,0.0032851266980600947,0.9696969696969697,792,-0.00408761527652546
2019-01-01,-0.03128806481605468,502,262,240,-0.1074748238952917,1.1942030243425128,0.0011942030243425128,0.0342,0.1074748238952917,0.003675638977218976,-0.027612425838835705,-0.028806628863178217,0.00277371464912583,0.9956204379562044,685,-0.030386140487961535
2019-02-01,0.009152775991309457,485,240,245,-0.1751591314495698,1.475403312515287,0.001475403312515287,0.011,0.1751591314495698,0.0019267504459452676,0.011079526437254725,0.009604123124739438,0.003216594147741315,0.9906542056074766,749,0.00786293228951341
2019-03-01,0.004722232163561027,443,226,217,0.3635793654562723,1.8637935900908313,0.0018637935900908313,0.0397,-0.3635793654562723,-0.01443410080861401,-0.009711868645052982,-0.011575662235143813,0.0037235409320370773,0.9748110831234257,794,-0.013435409577090059
2019-04-01,0.06817154228382005,424,211,213,-0.33665223145984147,1.9661991102004834,0.0019661991102004834,-0.0692,0.33665223145984147,-0.023296334417021027,0.04487520786679902,0.04290900875659854,0.003528473237579536,0.9928774928774928,702,0.041346734629219485
2019-05-01,-0.021017421239738866,525,268,257,-0.3530256004644618,1.0323877858574326,0.0010323877858574326,0.0699,0.3530256004644618,0.024676489472465882,0.003659068232727016,0.0026266804468695836,0.0017398859403574673,0.9614791987673343,649,0.0019191822923695489
2019-06-01,0.01956092264733396,494,260,234,-0.1972192099898566,1.2010501476630568,0.0012010501476630569,0.0123,0.1972192099898566,0.0024257962828752363,0.021986718930209197,0.02078566878254614,0.0022524778321293504,0.9894875164257556,761,0.019734241098079846
2019-07-01,0.014586293739709127,485,245,240,-0.09503110331035466,1.4568056326814154,0.0014568056326814155,-0.0255,0.09503110331035466,-0.0024232931344140437,0.012163000605295083,0.010706194972613667,0.003411004783567366,0.97911227154047,766,0.008751995821727717
2019-08-01,0.011000688801834083,473,229,244,-0.28914525373573147,1.5057459110591234,0.0015057459110591233,0.0141,0.28914525373573147,0.004076948077673814,0.015077636879507897,0.013571890968448774,0.0032012888645842666,0.9733688415446072,751,0.01187634801492363
2019-09-01,0.007765503383860216,480,219,261,-0.3104932957282113,1.319582567347327,0.001319582567347327,0.0207,0.3104932957282113,0.006427211221573974,0.014192714605434191,0.012873132038086864,0.002995046339220346,0.9873772791023843,713,0.011197668266213845
2019-10-01,-0.045215258678680606,515,264,251,-0.23873272860617978,1.3332390288811728,0.0013332390288811728,0.0387,0.23873272860617978,0.009238956597059157,-0.03597630208162145,-0.03730954111050262,0.002711483647149087,0.9890859481582538,733,-0.03868778572877053
2019-11-01,-0.03299565174617495,440,215,225,-0.0991432154010616,1.66501092104023,0.00166501092104023,0.0277,0.0991432154010616,0.002746267066609406,-0.030249384679565543,-0.03191439560060577,0.003516317049178337,0.984375,768,-0.03376570172874388
2019-12-01,-0.0282267557405536,475,235,240,0.1904561066856083,1.6307033865883573,0.0016307033865883575,-0.0011,-0.1904561066856083,0.00020950171735416916,-0.02801725402319943,-0.02964795740978779,0.0038158420622822473,0.9861495844875346,722,-0.031833096085481676
2020-01-01,0.014275259517372052,447,232,215,0.3587212647125172,1.718721339213756,0.0017187213392137557,-0.0815,-0.3587212647125172,0.029235783074070154,0.04351104259144221,0.041792321252228454,0.00396092426408272,0.9810554803788903,739,0.03955011832735949
2020-02-01,-0.04228645280179575,470,220,250,0.2526332594166771,1.6040670172976979,0.0016040670172976978,-0.1337,-0.2526332594166771,0.03377706678400973,-0.008509386017786023,-0.010113453035083722,0.0033149198132210156,0.9753424657534246,730,-0.01182430583100704
2020-03-01,-0.0896458075192636,420,208,212,-0.3206086437984947,1.7274637477692392,0.0017274637477692392,0.136,0.3206086437984947,0.04360277555659528,-0.04604303196266832,-0.04777049571043756,0.003341398540283423,0.9248956884561892,719,-0.04938443050295174
2020-04-01,-0.01658716097277118,500,243,257,-0.2401936542494215,1.2624201623438487,0.0012624201623438489,0.0557,0.2401936542494215,0.013378786541692778,-0.003208374431078402,-0.004470794593422251,0.002342141143990275,0.9942196531791907,692,-0.005550515575068677
2020-05-01,-0.022730024326953424,427,208,219,0.15850170988109327,1.7733977636291902,0.0017733977636291904,0.0245,-0.15850170988109327,-0.003883291892086785,-0.026613316219040208,-0.028386713982669398,0.003928358557590804,0.9911838790931989,794,-0.03054167477663101
2020-06-01,-0.0022660682265938344,445,207,238,-0.11720095220467566,1.662218680949211,0.001662218680949211,0.0583,0.11720095220467566,0.0068328155135325905,0.004566747286938756,0.002904528605989545,0.0036168180691663588,0.9930555555555556,720,0.0009499292177723973
2020-07-01,-0.012741339206971618,440,216,224,-0.1328291840935394,1.5616574848113827,0.0015616574848113826,0.0762,0.1328291840935394,0.010121583827927702,-0.0026197553790439157,-0.004181412863855299,0.003975185610491338,0.9857549857549858,702,-0.006594940989535254
2020-08-01,-0.001973955498201416,443,219,224,0.3415516583943731,1.70177898645296,0.00170177898645296,-0.0364,-0.3415516583943731,0.012432480365555183,0.010458524867353765,0.008756745880900805,0.004365059682895171,0.9848066298342542,724,0.006093465184458594
2020-09-01,0.017802307170636855,466,219,247,-0.2115791800833731,1.6817090871384568,0.0016817090871384568,-0.0208,0.2115791800833731,-0.00440084694573416,0.013401460224902694,0.011719751137764238,0.003391154946489746,0.9788434414668548,709,0.010010305278412948
2020-10-01,0.022692451662220118,464,232,232,0.08380087373546553,1.6628245882426822,0.001662824588242682,0.1245,-0.08380087373546553,-0.01043320878006546,0.012259242882154658,0.010596418293911976,0.003455504169307365,0.9778067885117493,766,0.008803738712847294
2020-11-01,0.03460928290027326,494,252,242,0.09518540324985117,1.536561197561865,0.0015365611975618647,0.0463,-0.09518540324985117,-0.00440708417046811,0.030202198729805146,0.02866563753224328,0.0028415904082586202,0.9973924380704041,767,0.027360608321546527
2020-12-01,-0.0982971998406943,488,232,256,-0.26950578912750195,1.747019920446339,0.0017470199204463392,-0.0007,0.26950578912750195,-0.00018865405238925137,-0.09848585389308355,-0.10023287381352988,0.0033441593713655193,0.991128010139417,789,-0.10183001326444907
2021-01-01,0.09547758269428554,479,237,242,0.3883282751419084,1.8611871645966271,0.0018611871645966272,0.0281,-0.3883282751419084,-0.010912024531487626,0.08456555816279791,0.08270437099820128,0.0054392006991508205,0.9934469200524246,763,0.07912635746364709
2021-02-01,-0.0009908477491052654,541,268,273,0.43281748960965055,1.1133539238384156,0.0011133539238384156,0.0317,-0.43281748960965055,-0.013720314420625922,-0.014711162169731187,-0.015824516093569604,0.0032343888189591626,0.9894459102902374,758,-0.01794555098869035
2021-03-01,0.008892154175242774,494,247,247,-0.2919645252867018,1.950262848400103,0.001950262848400103,0.0495,0.2919645252867018,0.01445224400169174,0.023344398176934514,0.021394135328534413,0.005483089526183388,0.9914738124238733,821,0.017861308650751126
2021-04-01,0.010895749778732585,560,251,309,-0.24092311163747715,1.6098034340611127,0.001609803434061113,0.003,0.24092311163747715,0.0007227693349124315,0.011618519113645016,0.010008715679583903,0.004852068551052375,0.9916864608076009,842,0.006766450562592641
2021-05-01,-0.04366010323973768,563,248,315,-0.43812740949955425,1.410295555283978,0.001410295555283978,0.0274,0.43812740949955425,0.012004691020287787,-0.0316554122194499,-0.033065707774733874,0.0039508972214908926,0.9932960893854749,895,-0.03560630944094079
2021-06-01,0.016428821608083694,543,252,291,0.21943257069140923,1.7342745720011563,0.0017342745720011564,0.0134,-0.21943257069140923,-0.0029403964472648836,0.013488425160818811,0.011754150588817656,0.00490707175224619,0.9923076923076923,910,0.008581353408572622
2021-07-01,-0.0005084732660829141,517,251,266,-0.30556124218859415,1.8280880674115085,0.0018280880674115085,0.0294,0.30556124218859415,0.008983500520344669,0.008475027254261754,0.006646939186850245,0.005638015005947914,0.9728506787330317,884,0.00283701224831384
2021-08-01,-0.004702110666236665,608,292,316,-0.5158244186158467,1.149309548782874,0.001149309548782874,-0.044,0.5158244186158467,-0.022696274419097256,-0.02739838508533392,-0.028547694634116796,0.003705635242501585,0.9912718204488778,802,-0.031104020327835505
2021-09-01,0.002936653525026692,585,278,307,-0.38299813458458154,1.5053507139312687,0.0015053507139312688,0.0663,0.38299813458458154,0.025392776322957757,0.02832942984798445,0.026824079134053182,0.004272593524195495,0.9873817034700315,951,0.024056836323788956
2021-10-01,0.013466128946013324,555,287,268,0.11615145910200778,1.8690010700130903,0.0018690010700130905,-0.0158,-0.11615145910200778,0.001835193053811723,0.015301321999825047,0.013432320929811956,0.006101502400694539,0.9884937238493724,956,0.009199819599130507
2021-11-01,-0.02902429199555008,572,295,277,0.40380242528736776,1.570173570125434,0.0015701735701254339,0.0323,-0.40380242528736776,-0.01304281833678198,-0.04206711033233206,-0.0436372839024575,0.004523426055514464,0.9727668845315904,918,-0.04659053638784653
2021-12-01,0.04358105260307885,526,259,267,-0.4876462473530472,1.8023473836479555,0.0018023473836479558,-0.0616,0.4876462473530472,-0.030039008836947708,0.013542043766131145,0.011739696382483188,0.005029679364536894,0.9688888888888889,900,0.00851236440159425
2022-01-01,-0.002969065176275607,587,292,295,-0.6274316740443117,1.2518445145493953,0.0012518445145493953,-0.0228,0.6274316740443117,-0.014305442168210307,-0.017274507344485913,-0.018526351859035308,0.0035345608032405496,0.9716646989374262,847,-0.020809068147726463
2022-02-01,0.0011669066015433378,619,299,320,-0.7597557940886528,1.0129294512834375,0.0010129294512834374,0.0308,0.7597557940886528,0.02340047845793051,0.024567385059473847,0.02355445560819041,0.003187016839219797,0.9864197530864197,810,0.021380368220254048
2022-03-01,-0.10206935102123514,491,245,246,0.8464976360357213,1.988875938875939,0.001988875938875939,-0.0941,-0.8464976360357213,0.07965542755096137,-0.022413923470273767,-0.024402799409149706,0.005401108964285542,0.984313725490196,765,-0.02781503243455931
2022-04-01,0.03894420058555866,480,238,242,-0.5565503823358784,1.9679972658920024,0.0019679972658920024,-0.0034,0.5565503823358784,-0.0018922712999419865,0.037051929285616673,0.03508393201972467,0.006063256397786828,0.9576059850374065,802,0.030988672887829846
2022-05-01,-0.0003919378657660944,513,255,258,-0.09531494918050745,1.6311673486084253,0.0016311673486084253,-0.084,0.09531494918050745,-0.008006455731162626,-0.00839839359692872,-0.010029560945537145,0.005770543947722596,0.977639751552795,805,-0.014168937544651317
2022-06-01,-0.047508770180839745,526,252,274,-0.5741619957480601,1.3229279035350365,0.0013229279035350367,0.0957,0.5741619957480601,0.05494730299308935,0.0074385328122496056,0.006115604908714569,0.004148121638575057,0.9221789883268483,771,0.0032904111736745487
2022-07-01,-0.02473882033610233,574,269,305,-0.6101033753439542,1.2637043450382257,0.001263704345038226,-0.0377,0.6101033753439542,-0.023000897250467073,-0.047739717586569405,-0.04900342193160763,0.0035784896098662805,0.9901477832512315,812,-0.051318207196435685
2022-08-01,0.04055780064667784,645,318,327,-0.5559985318572266,1.0634217354045636,0.0010634217354045638,-0.0934,0.5559985318572266,-0.05193026287546496,-0.011372462228787121,-0.012435883964191685,0.003493925213313479,0.9867788461538461,832,-0.014866387442100601
2022-09-01,-0.004156205238924028,456,228,228,0.6886307999168746,1.9927193221004762,0.0019927193221004765,0.0785,-0.6886307999168746,-0.05405751779347465,-0.05821372303239868,-0.06020644235449916,0.005886239404497689,0.9660194174757282,824,-0.06409996243689638
2022-10-01,0.06389329468649584,457,228,229,-0.6230708853924373,1.9965951439864484,0.0019965951439864485,0.0465,0.6230708853924373,0.028972796170748334,0.09286609085724418,0.09086949571325773,0.006213722409578031,0.9888268156424581,716,0.08665236844766615
2022-11-01,-0.021422548247710248,521,252,269,-0.27229017883901585,1.5927198829082818,0.001592719882908282,-0.0638,0.27229017883901585,-0.01737211340992921,-0.03879466165763946,-0.04038738154054774,0.00523018128321563,0.9713541666666666,768,-0.04402484294085509
2022-12-01,-0.014073374498122399,484,243,241,-0.07079849793817382,1.7443807746704998,0.0017443807746704999,0.0661,0.07079849793817382,0.0046797807137132896,-0.00939359378440911,-0.01113797455907961,0.005200576341194238,0.9698431845597105,829,-0.014594170125603347
2023-01-01,0.010142029439300251,512,255,257,0.513676228371914,1.6127194716867148,0.0016127194716867147,-0.0257,-0.513676228371914,0.013201479069158188,0.02334350850845844,0.021730789036771725,0.003772342020289529,0.9939540507859734,827,0.019571166488168912
2023-02-01,-0.04572218708040779,560,274,286,0.39033462967840477,1.0300885624708087,0.0010300885624708086,0.0248,-0.39033462967840477,-0.009680298816024438,-0.05540248589643223,-0.05643257445890304,0.0023530544607285138,0.9811827956989247,744,-0.05775554035716074
2023-03-01,-0.03102292850886805,545,275,270,0.4753247954877149,1.030114283806399,0.0010301142838063991,0.0062,-0.4753247954877149,-0.0029470137320238322,-0.03396994224089188,-0.03500005652469828,0.0024981748850363764,0.9629139072847682,755,-0.036468117125928255
2023-04-01,-0.019640463707488044,467,239,228,-0.06558455082853211,1.796449344977857,0.001796449344977857,0.0034,0.06558455082853211,0.00022298747281700916,-0.019417476234671036,-0.021213925579648893,0.0036860534638141138,0.9836639439906651,857,-0.02310352969848515
2023-05-01,-0.004490679902068733,512,267,245,0.1928400999618454,1.374205615801646,0.001374205615801646,0.0646,-0.1928400999618454,-0.012457470457535213,-0.016948150359603946,-0.01832235597540559,0.0032076715111470223,0.9836289222373806,733,-0.02015582187075097
2023-06-01,-0.008133431320245448,518,259,259,-0.04529487848721813,1.5670345344019565,0.0015670345344019566,0.0321,0.04529487848721813,0.0014539655994397019,-0.006679465720805747,-0.008246500255207703,0.0038598780861209886,0.9927184466019418,824,-0.010539343806926735
2023-07-01,-0.008625700747035437,521,270,251,0.029591662999964758,1.5106987098369893,0.001510698709836989,-0.0236,-0.029591662999964758,0.0006983632467991683,-0.007927337500236269,-0.009438036210073258,0.003798898230616181,0.9904076738609112,834,-0.01172623573085245
2023-08-01,0.005732313293483742,465,239,226,-0.05048128091494238,1.8137497616178124,0.0018137497616178124,-0.0523,0.05048128091494238,-0.0026401709918514866,0.003092142301632255,0.0012783925400144428,0.004514973852684635,0.9592105263157895,760,-0.0014228315510523798
2023-09-01,-0.042774980922813594,463,242,221,0.47304866566053305,1.8435599914390273,0.0018435599914390273,-0.0315,-0.47304866566053305,0.01490103296830679,-0.027873947954506803,-0.02971750794594583,0.004608255139051162,0.9576719576719577,756,-0.03248220309355797
2023-10-01,-0.017616305446602025,444,222,222,-0.3169774614622959,1.8496015960659413,0.0018496015960659414,0.0888,0.3169774614622959,0.028147598577851877,0.010531293131249852,0.008681691535183911,0.004223222623700814,0.9669876203576341,727,0.006308070507549038
2023-11-01,-0.03983713120885782,516,247,269,-0.28126516661290274,1.3327548921575103,0.0013327548921575102,0.0485,0.28126516661290274,0.013641360580725783,-0.026195770628132033,-0.027528525520289542,0.003432372333074721,0.9917695473251029,729,-0.029628142961206753
2023-12-01,0.01237467214727703,508,243,265,-0.4705734754416202,1.431183536366363,0.001431183536366363,0.0073,0.4705734754416202,0.0034351863707238277,0.015809858518000857,0.014378674981634493,0.003973052881807905,0.9922879177377892,778,0.011836805636192951
2024-01-01,0.014727059769745546,484,239,245,-0.2082747692380688,1.5363024577033864,0.0015363024577033863,0.0507,0.2082747692380688,0.010559530800370089,0.025286590570115633,0.023750288112412248,0.0066816321704374045,0.9693486590038314,783,0.01860495839967823
2024-02-01,-0.006689635558094021,487,230,257,-0.6349391464384821,1.648458177340666,0.001648458177340666,0.0284,0.6349391464384821,0.018032271758852893,0.011342636200758871,0.009694178023418204,0.004793969581861948,0.9838308457711443,804,0.006548666618896923
2024-03-01,0.018538474487132167,550,266,284,-0.5101061321270304,0.9937078042458358,0.0009937078042458359,-0.0465,0.5101061321270304,-0.02371993514390691,-0.0051814606567747445,-0.00617516846102058,0.003627739124017154,0.9895678092399404,671,-0.008809199780791898
2024-04-01,0.03695814510330636,462,230,232,0.4640270581639057,1.8426135013608058,0.0018426135013608056,0.0433,-0.4640270581639057,-0.020092371618497116,0.016865773484809245,0.01502315998344844,0.006914219782950745,0.9611178614823815,823,0.0099515537018585
2024-05-01,0.0058568196091820885,470,228,242,-0.15821905788993895,1.7644820057484343,0.0017644820057484342,0.028,0.15821905788993895,0.004430133620918291,0.01028695323010038,0.008522471224351945,0.008480872046718374,0.9841897233201581,759,0.001806081183382005
2024-06-01,-0.01920784975650002,485,225,260,-0.7012319206059731,1.486166594687222,0.001486166594687222,0.0122,0.7012319206059731,0.008555029431392872,-0.01065282032510715,-0.012138986919794372,0.005991280397593315,0.9631093544137023,759,-0.016644100722700464
2024-07-01,-0.009748421097926991,449,225,224,0.39195990471383924,1.978558134132868,0.001978558134132868,0.016,-0.39195990471383924,-0.006271358475421428,-0.01601977957334842,-0.017998337707481285,0.0072766923697895865,0.9947916666666666,768,-0.023296471943138004
2024-08-01,0.01832393690405884,466,228,238,-0.03836530334956023,1.817659724849823,0.0018176597248498229,0.0172,0.03836530334956023,0.000659883217612436,0.018983820121671276,0.017166160396821454,0.0088522778465272,0.9775132275132276,756,0.010131542275144076
2024-09-01,0.013511001117725071,480,226,254,-0.7459566623640488,1.7389300962496161,0.0017389300962496162,-0.01,0.7459566623640488,-0.007459566623640488,0.006051434494084583,0.004312504397834966,0.007571395704888381,0.9808917197452229,785,-0.0015199612108037983
2024-10-01,-0.013308679244250641,452,223,229,0.2984782785418307,1.9130901505848665,0.0019130901505848665,0.0649,-0.2984782785418307,-0.01937124027736481,-0.03267991952161545,-0.03459300967220031,0.006813697284905996,0.9817708333333334,768,-0.03949361680652144
2024-11-01,-0.01439750267881781,506,253,253,0.4771239606722257,1.5061472927320168,0.0015061472927320168,-0.0317,-0.4771239606722257,0.015124829553309554,0.0007273268744917433,-0.0007788204182402735,0.007384081948482925,0.9776021080368906,759,-0.0066567550739911815
