date,surfaces,pass_surfaces,pass_share,mean_rmse_total_variance,max_theta_projection_abs
1996-01-01,100,100,1.0,0.36518694213535313,5.645483279970165e-06
1996-02-01,100,100,1.0,0.33708666843068597,2.2306403194560787e-06
1996-03-01,100,100,1.0,0.30789682709683763,5.90945972067658e-06
1996-04-01,100,100,1.0,0.3643873723505175,9.457248848043776e-06
1996-05-01,100,100,1.0,0.3865763522502035,3.4946534785973427e-06
1996-06-01,100,100,1.0,0.3026916524165403,2.295211114500262e-06
1996-07-01,100,100,1.0,0.3467264284230409,1.2807720060070693e-05
1996-08-01,100,100,1.0,0.3308707241305227,2.0763468731033186e-06
1996-09-01,100,100,1.0,0.4005501387384121,1.8323412608323153e-06
1996-10-01,100,100,1.0,0.32418655391186846,1.5052748247867953e-06
1996-11-01,100,100,1.0,0.33380742083017717,2.4222433543386046e-06
1996-12-01,100,100,1.0,0.35690958186215743,3.936971598950123e-06
1997-01-01,100,100,1.0,0.3639860418181378,2.6851364314239845e-06
1997-02-01,100,100,1.0,0.3239007677404603,1.5359537393067058e-06
1997-03-01,100,100,1.0,0.2714907597769303,6.13776100211183e-06
1997-04-01,100,100,1.0,0.3327388422463511,2.751799861311355e-06
1997-05-01,100,100,1.0,0.3517427474771217,3.1227854875304217e-06
1997-06-01,100,100,1.0,0.34262491468482026,4.4020604412775555e-06
1997-07-01,100,100,1.0,0.40369393178357754,1.7250936155122076e-06
1997-08-01,100,100,1.0,0.39234833939738734,5.09613318233626e-06
1997-09-01,100,100,1.0,0.41847350973173614,5.7884221649207035e-06
1997-10-01,100,100,1.0,0.347399895473141,3.6406173404834874e-06
1997-11-01,100,100,1.0,0.2886196961707339,5.102278754831602e-06
1997-12-01,100,100,1.0,0.31428900415424016,4.985086180520071e-06
1998-01-01,100,100,1.0,0.3259811812778482,7.330501104796383e-06
1998-02-01,100,100,1.0,0.3861479290095773,2.222872036661272e-06
1998-03-01,100,100,1.0,0.3933964725480586,2.0393677990782066e-06
1998-04-01,100,100,1.0,0.4006343357400429,2.3572685656780834e-06
1998-05-01,100,100,1.0,0.30232749595276054,3.916805143222568e-06
1998-06-01,100,100,1.0,0.3257329793498047,2.6958020511447245e-06
1998-07-01,100,100,1.0,0.3500130824038591,4.3102159344998725e-06
1998-08-01,100,100,1.0,0.19239422094154912,1.8990246411498823e-06
1998-09-01,100,100,1.0,0.27731946612008734,2.8486652983161775e-06
1998-10-01,100,100,1.0,0.4154539656281532,5.147411243022759e-06
1998-11-01,100,100,1.0,0.4621199684546602,4.395615304630951e-06
1998-12-01,100,100,1.0,0.5053806476073316,3.368891617228087e-06
1999-01-01,100,100,1.0,0.5111237316062772,5.45610468272173e-06
1999-02-01,100,100,1.0,0.4678077994018639,2.8011461292720696e-06
1999-03-01,100,100,1.0,0.44738782743962363,2.706160771026589e-06
1999-04-01,100,100,1.0,0.4713345505716363,6.710659450126499e-06
1999-05-01,100,100,1.0,0.4002894184073726,3.5419405933490022e-06
1999-06-01,100,100,1.0,0.447107365105674,1.6154794924005955e-06
1999-07-01,100,100,1.0,0.3816739448796406,5.0024186526442804e-06
1999-08-01,100,100,1.0,0.44025934540873524,9.920220010783964e-06
1999-09-01,100,100,1.0,0.37512206852392915,1.808685018644951e-06
1999-10-01,100,100,1.0,0.4417557520325991,5.005871328789269e-06
1999-11-01,100,100,1.0,0.45354503963228837,2.355793336406009e-06
1999-12-01,100,100,1.0,0.5046934459537719,2.991177424860325e-06
2000-01-01,100,100,1.0,0.42505840924074695,5.467728227737112e-06
2000-02-01,100,100,1.0,0.5411234894584668,5.004786045148535e-06
2000-03-01,100,100,1.0,0.4706626475438144,2.6962283357079286e-06
2000-04-01,100,100,1.0,0.39452347648080405,1.6256066723840945e-06
2000-05-01,100,100,1.0,0.33947569407010014,1.8020336167712259e-06
2000-06-01,100,100,1.0,0.41430032425250984,5.85420270243775e-06
2000-07-01,100,100,1.0,0.33778396054725557,2.4250320244112444e-06
2000-08-01,100,100,1.0,0.4410512322964026,2.5037081670120642e-06
2000-09-01,100,100,1.0,0.4097912584482022,3.803031516813604e-06
2000-10-01,100,100,1.0,0.39582656081401835,2.4642236775562765e-06
2000-11-01,100,100,1.0,0.25528602862840416,4.155873333577809e-06
2000-12-01,100,100,1.0,0.23788499418214237,2.575197526333284e-06
2001-01-01,100,100,1.0,0.3443033156014468,2.9434114399151667e-06
2001-02-01,100,100,1.0,0.15572406421285265,3.833499490957237e-06
2001-03-01,100,100,1.0,0.19616724351774498,1.6219765013314458e-06
2001-04-01,100,100,1.0,0.3668020245092305,5.033275857435626e-06
2001-05-01,100,100,1.0,0.23517579919591597,4.824257136770704e-06
2001-06-01,100,100,1.0,0.3188232253441851,2.9622409734031407e-06
2001-07-01,100,100,1.0,0.1914810663941623,1.100362365891172e-06
2001-08-01,100,100,1.0,0.23972493242566884,4.092087574569803e-06
2001-09-01,100,100,1.0,0.17771250250685477,2.609598626412968e-06
2001-10-01,100,100,1.0,0.2566709269302615,2.329373682830038e-06
2001-11-01,100,100,1.0,0.2582857001937417,1.5969190210185502e-06
2001-12-01,100,100,1.0,0.22966270836351985,1.2049830298010988e-06
2002-01-01,100,100,1.0,0.23069976947496756,1.6871739667578822e-06
2002-02-01,100,100,1.0,0.28830662550395075,3.367557892874906e-06
2002-03-01,100,100,1.0,0.2098444642046812,1.7362455407843314e-06
2002-04-01,100,100,1.0,0.18837866049955335,8.601024781285105e-07
2002-05-01,100,100,1.0,0.19765185087021991,5.330060002917136e-06
2002-06-01,100,100,1.0,0.18594654622040166,2.1704389201460117e-06
2002-07-01,100,100,1.0,0.14648491323919857,8.169750019826338e-07
2002-08-01,100,100,1.0,0.16189476027672323,2.8894756414210576e-06
2002-09-01,100,100,1.0,0.16654203240411294,1.2771083648388526e-06
2002-10-01,100,100,1.0,0.16705611340640175,1.8654823484842709e-06
2002-11-01,100,100,1.0,0.20382175327647467,4.541031373928028e-06
2002-12-01,100,100,1.0,0.18924207959092598,2.429317349283977e-06
2003-01-01,100,100,1.0,0.1684273711519075,3.177702781353986e-06
2003-02-01,100,100,1.0,0.2360728812147485,1.942197150661684e-06
2003-03-01,100,100,1.0,0.16720050302717604,7.661553323989878e-07
2003-04-01,100,100,1.0,0.2499038772995048,1.5151888126396784e-06
2003-05-01,100,100,1.0,0.3305221237745063,5.929531087023321e-06
2003-06-01,100,100,1.0,0.25272286682893286,2.621103584843354e-06
2003-07-01,100,100,1.0,0.31603890376401683,2.7856691997563132e-06
2003-08-01,100,100,1.0,0.3766768584230803,3.880368375064336e-06
2003-09-01,100,100,1.0,0.2597078330988857,4.759272197674136e-06
2003-10-01,100,100,1.0,0.2937093386809101,2.4591967701104167e-06
2003-11-01,100,100,1.0,0.34865580832139664,7.144971794881272e-06
2003-12-01,100,100,1.0,0.29257866940621213,1.6697838245427477e-06
2004-01-01,100,100,1.0,0.29770929208230096,1.9056382279947215e-06
2004-02-01,100,100,1.0,0.32598315812941486,5.252639338593212e-06
2004-03-01,100,100,1.0,0.25890815369579817,5.118280675564524e-06
2004-04-01,100,100,1.0,0.22836741870625732,2.224105545678423e-06
2004-05-01,100,100,1.0,0.28240607786132793,5.882939381418595e-06
2004-06-01,100,100,1.0,0.243585824921619,1.7618532941465759e-06
2004-07-01,100,100,1.0,0.20503316222726306,2.537185347151194e-06
2004-08-01,100,100,1.0,0.2082691321922754,4.786972769454945e-06
2004-09-01,100,100,1.0,0.24861569107695325,4.409440217401084e-06
2004-10-01,100,100,1.0,0.20958195694434523,1.986509884588372e-06
2004-11-01,100,100,1.0,0.3140218859993271,2.0995539098400684e-06
2004-12-01,100,100,1.0,0.29159742084919826,1.8162694024326242e-06
2005-01-01,100,100,1.0,0.23344413586794188,1.1804535433590502e-06
2005-02-01,100,100,1.0,0.25035000699111015,5.055149068899922e-06
2005-03-01,100,100,1.0,0.25752061661504555,6.249950988301833e-06
2005-04-01,100,100,1.0,0.1930316236506609,8.6360485735959e-06
2005-05-01,100,100,1.0,0.2793035016115404,1.1562836023104595e-06
2005-06-01,100,100,1.0,0.22637524373300008,2.557257287483239e-06
2005-07-01,100,100,1.0,0.2552579563468983,2.729243251842206e-06
2005-08-01,100,100,1.0,0.2627327040692304,2.575080361166826e-06
2005-09-01,100,100,1.0,0.30412426709633866,2.1391373588031115e-06
2005-10-01,100,100,1.0,0.2305106726813904,7.435673331751547e-06
2005-11-01,100,100,1.0,0.30514035605182765,4.330087755022305e-07
2005-12-01,100,100,1.0,0.20772083880278228,4.3597750614132735e-06
2006-01-01,100,100,1.0,0.31473060838126843,2.499016789059283e-06
2006-02-01,100,100,1.0,0.26365111934151025,2.432984093247992e-06
2006-03-01,100,100,1.0,0.3032201741367059,2.6887797410779513e-06
2006-04-01,100,100,1.0,0.2266848404221177,2.1756613612922138e-06
2006-05-01,100,100,1.0,0.19791037105629955,1.1076168890955529e-06
2006-06-01,100,100,1.0,0.263779829040835,4.169658802954945e-06
2006-07-01,100,100,1.0,0.22211925248077086,1.019514203282057e-06
2006-08-01,100,100,1.0,0.21666787091406847,4.333879086049208e-06
2006-09-01,100,100,1.0,0.26912982104283784,4.195518312322122e-06
2006-10-01,100,100,1.0,0.20129520723622832,2.3751188416021307e-06
2006-11-01,100,100,1.0,0.34279065980662154,2.1676831742922786e-06
2006-12-01,100,100,1.0,0.27609919648879827,1.1128082437750209e-06
2007-01-01,100,100,1.0,0.22475463305898516,1.5120869658602487e-06
2007-02-01,100,100,1.0,0.30355036945543046,4.32015518736506e-06
2007-03-01,100,100,1.0,0.18099715062720537,2.288028167485301e-06
2007-04-01,100,100,1.0,0.28455967369002644,2.449549285521435e-06
2007-05-01,100,100,1.0,0.28365134277885423,1.8962644469655565e-06
2007-06-01,100,100,1.0,0.1950329315904672,4.717976917811839e-06
2007-07-01,100,100,1.0,0.27721907950699826,4.506054819941596e-06
2007-08-01,100,100,1.0,0.2585621169527314,3.158532960734206e-06
2007-09-01,100,100,1.0,0.23682939749060933,1.5987994181898557e-06
2007-10-01,100,100,1.0,0.231257029885316,1.8417762102096447e-06
2007-11-01,100,100,1.0,0.19904678917068241,1.4484921152524421e-06
2007-12-01,100,100,1.0,0.33765957438745,3.6361171940058057e-06
2008-01-01,100,100,1.0,0.19846618821450526,3.0441541318260157e-06
2008-02-01,100,100,1.0,0.27237949873892453,1.2443096424341604e-06
2008-03-01,100,100,1.0,0.2473656863959116,1.796667557840692e-06
2008-04-01,100,100,1.0,0.4007541669659465,6.26002265224912e-06
2008-05-01,100,100,1.0,0.3495726052352754,1.2862242790845357e-06
2008-06-01,100,100,1.0,0.46795696359682815,3.99639878145841e-06
2008-07-01,100,100,1.0,0.3627683792881233,3.1169513448059405e-06
2008-08-01,100,100,1.0,0.43339013403224974,7.040861188523095e-06
2008-09-01,100,100,1.0,0.22928388486016782,1.9724545241572855e-06
2008-10-01,100,100,1.0,0.15653217852743054,2.248053136089112e-06
2008-11-01,100,100,1.0,0.1266644687909129,3.3493104045767552e-06
2008-12-01,100,100,1.0,0.2620753914369406,1.2915539446822777e-06
2009-01-01,100,100,1.0,0.3678777392271018,7.388282615261588e-06
2009-02-01,100,100,1.0,0.4409268859689797,1.8767534344377168e-06
2009-03-01,100,100,1.0,0.5374244622337383,6.098080369998371e-06
2009-04-01,100,100,1.0,0.6182841964664199,2.4628257753178673e-06
2009-05-01,100,100,1.0,0.2530152809970492,8.934742146138319e-07
2009-06-01,100,100,1.0,0.31783320839624324,7.857392269050578e-07
2009-07-01,100,100,1.0,0.4546987354159046,4.584632440796099e-06
2009-08-01,100,100,1.0,0.332771578174359,6.93697804976523e-07
2009-09-01,100,100,1.0,0.4071270303688618,3.3872009979063478e-06
2009-10-01,100,100,1.0,0.6822393975160347,2.845518867644614e-06
2009-11-01,100,100,1.0,0.2938927113005882,3.942884693408644e-06
2009-12-01,100,100,1.0,0.4026619147812804,4.051623193168652e-06
2010-01-01,100,100,1.0,0.554016355194119,9.027620225143806e-06
2010-02-01,100,100,1.0,0.31523369667131124,6.517527967209169e-06
2010-03-01,100,100,1.0,0.37363184710511627,6.713151070592005e-06
2010-04-01,100,100,1.0,0.6073474209758737,2.455835952375196e-06
2010-05-01,100,100,1.0,0.49458147281143683,1.9495575092065565e-06
2010-06-01,100,100,1.0,0.536802710638778,4.198261113863566e-06
2010-07-01,100,100,1.0,0.227089880666607,2.151797206195738e-06
2010-08-01,100,100,1.0,0.339616253653466,2.4246856230591973e-06
2010-09-01,100,100,1.0,0.5354630634426062,7.1924869466943875e-06
2010-10-01,100,100,1.0,0.43115563355243436,1.3504506275907602e-05
2010-11-01,100,100,1.0,0.6140428297278056,2.888808905865403e-06
2010-12-01,100,100,1.0,0.4611457247877223,2.3575765224492784e-06
2011-01-01,100,100,1.0,0.41792305980840133,1.4695544710008335e-06
2011-02-01,100,100,1.0,0.34629389667126664,3.1497579673356313e-06
2011-03-01,100,100,1.0,0.36522846312798857,4.1511881388456295e-06
2011-04-01,100,100,1.0,0.30434027864157875,1.1039240658705651e-05
2011-05-01,100,100,1.0,0.24088406090794617,1.0907147518279814e-05
2011-06-01,100,100,1.0,0.243793515922397,4.7459377319203355e-06
2011-07-01,100,100,1.0,0.3205122379174902,5.7213462638650014e-06
2011-08-01,100,100,1.0,0.3018618384336296,2.222456874090284e-06
2011-09-01,100,100,1.0,0.503355607182629,2.2392400316206817e-06
2011-10-01,100,100,1.0,0.5211368010056359,2.1063536657095483e-06
2011-11-01,100,100,1.0,0.16687122500340504,1.1050377146659685e-06
2011-12-01,100,100,1.0,0.45467697806711416,1.5490434175369217e-06
2012-01-01,100,100,1.0,0.33261903108733093,5.022725507064507e-06
2012-02-01,100,100,1.0,0.3977630405491508,3.461548912397916e-06
2012-03-01,100,100,1.0,0.3612940502960346,3.3196495659026937e-06
2012-04-01,100,100,1.0,0.3231424319684326,1.8518859423721779e-06
2012-05-01,100,100,1.0,0.1840747000970074,2.3133167257327614e-06
2012-06-01,100,100,1.0,0.1700777467916647,4.087189044432726e-06
2012-07-01,100,100,1.0,0.36568589541690427,6.24789030156947e-06
2012-08-01,100,100,1.0,0.37885851071992804,3.2819695015007255e-06
2012-09-01,100,100,1.0,0.36458914852658664,3.791303080369346e-06
2012-10-01,100,100,1.0,0.327084719099115,4.641669588689723e-06
2012-11-01,100,100,1.0,0.35282269442863634,4.265119175617116e-06
2012-12-01,100,100,1.0,0.2236242042197552,2.2834846973296408e-06
2013-01-01,100,100,1.0,0.3127425388743065,1.6308672380116462e-05
2013-02-01,100,100,1.0,0.37196532070101634,3.0156692356619885e-06
2013-03-01,100,100,1.0,0.31238130307110323,1.482743657632568e-06
2013-04-01,100,100,1.0,0.23829738911706275,5.910236051676065e-07
2013-05-01,100,100,1.0,0.38986325094641017,3.515276341570228e-06
2013-06-01,100,100,1.0,0.363940269421391,1.2072900044568513e-05
2013-07-01,100,100,1.0,0.3873698233635181,5.88887563468532e-06
2013-08-01,100,100,1.0,0.2743258166432899,3.6019154419086874e-06
2013-09-01,100,100,1.0,0.30036257134147015,2.109119148885341e-06
2013-10-01,100,100,1.0,0.39951028346012213,3.299179639704164e-06
2013-11-01,100,100,1.0,0.43151571167895564,7.0191233552119314e-06
2013-12-01,100,100,1.0,0.24903968085541134,2.8139786175662707e-06
2014-01-01,100,100,1.0,0.3593835756179592,3.274569023048457e-06
2014-02-01,100,100,1.0,0.25867220404732394,3.130231011949647e-06
2014-03-01,100,100,1.0,0.30464393819810853,1.1185693193027646e-05
2014-04-01,100,100,1.0,0.18152401211304206,5.3280043892378615e-06
2014-05-01,100,100,1.0,0.2245726661341273,1.6895660889804098e-06
2014-06-01,100,100,1.0,0.31386320786380173,2.1597259998173968e-06
2014-07-01,100,100,1.0,0.3671597596239591,2.3036464980030757e-06
2014-08-01,100,100,1.0,0.2809201100563009,2.651737025072265e-06
2014-09-01,100,100,1.0,0.3089644196557413,2.5389643035222953e-06
2014-10-01,100,100,1.0,0.3005070153259547,2.8420584148314276e-06
2014-11-01,100,100,1.0,0.2776176632776178,1.5639860246885462e-06
2014-12-01,100,100,1.0,0.3362913533843653,3.7004941280116554e-06
2015-01-01,100,100,1.0,0.3296614529811901,2.514243987228326e-06
2015-02-01,100,100,1.0,0.2583133078732229,3.151428273673318e-06
2015-03-01,100,100,1.0,0.3189077089553494,7.944923002600746e-06
2015-04-01,100,100,1.0,0.2976498235425425,2.4648437051411065e-06
2015-05-01,100,100,1.0,0.28281915786060774,1.119736116272918e-06
2015-06-01,100,100,1.0,0.26381469424071946,1.989587381734381e-06
2015-07-01,100,100,1.0,0.24885024737167646,5.726931761262932e-06
2015-08-01,100,100,1.0,0.2881352463077141,1.6684220689455742e-06
2015-09-01,100,100,1.0,0.18985260299927564,9.58555941066308e-07
2015-10-01,100,100,1.0,0.2963986177443831,4.084080079458374e-06
2015-11-01,100,100,1.0,0.2417420476861171,4.364080902874434e-06
2015-12-01,100,100,1.0,0.29417856720889113,3.679336919581999e-06
2016-01-01,100,100,1.0,0.13750881675340845,2.6397129137545328e-06
2016-02-01,100,100,1.0,0.30631254626644816,5.172331873026792e-06
2016-03-01,100,100,1.0,0.3056776268921589,1.5281517198317829e-06
2016-04-01,100,100,1.0,0.3424467537233498,1.908845751685817e-06
2016-05-01,100,100,1.0,0.2655698665141649,1.8960489782671175e-06
2016-06-01,100,100,1.0,0.1406012759439658,1.0585525718198596e-06
2016-07-01,100,100,1.0,0.2172972723804667,2.6685301812712225e-06
2016-08-01,100,100,1.0,0.2772557726595933,3.851052112868736e-06
2016-09-01,100,100,1.0,0.2356738098771141,1.6409738923250927e-06
2016-10-01,100,100,1.0,0.25661777304773464,1.2375921021323677e-06
2016-11-01,100,100,1.0,0.34729816101456057,1.913650968798919e-06
2016-12-01,100,100,1.0,0.31044102415447067,2.9065029432118195e-06
2017-01-01,100,100,1.0,0.2120814706911217,2.689001496358756e-06
2017-02-01,100,100,1.0,0.2903072170052709,3.7722609957935305e-06
2017-03-01,100,100,1.0,0.28568725431188,7.574410486266281e-06
2017-04-01,100,100,1.0,0.3018396988860312,4.611749632399409e-06
2017-05-01,100,100,1.0,0.2269332185384495,7.137887962027634e-06
2017-06-01,100,100,1.0,0.24405303126637137,2.0564552141166814e-06
2017-07-01,100,100,1.0,0.3525409128985161,2.728124561812706e-06
2017-08-01,100,100,1.0,0.27535680310956845,2.6514479798400714e-06
2017-09-01,100,100,1.0,0.2923638944333478,2.2022346080063926e-06
2017-10-01,100,100,1.0,0.3225336375753195,9.755138035139055e-07
2017-11-01,100,100,1.0,0.3620649756962131,3.762801491058454e-06
2017-12-01,100,100,1.0,0.3835375420465425,4.5928789775828704e-06
2018-01-01,100,100,1.0,0.3146120365110716,1.7607124811469532e-06
2018-02-01,100,100,1.0,0.3368087375990592,2.7196915997063087e-06
2018-03-01,100,100,1.0,0.2602952155029527,2.323581829610788e-06
2018-04-01,100,100,1.0,0.34384946019539464,1.8329713808995507e-06
2018-05-01,100,100,1.0,0.27783803186738704,4.129801492114282e-06
2018-06-01,100,100,1.0,0.30401747926079237,4.3775560727432605e-06
2018-07-01,100,100,1.0,0.323840965287255,2.489934548322026e-06
2018-08-01,100,100,1.0,0.2660621483211624,1.979576236710301e-06
2018-09-01,100,100,1.0,0.27639371114210126,2.60344624125608e-06
2018-10-01,100,100,1.0,0.3669294551374589,2.703311990925883e-06
2018-11-01,100,100,1.0,0.22749826855805114,2.204288738205662e-06
2018-12-01,100,100,1.0,0.10148332026384865,1.052286649538825e-06
2019-01-01,100,100,1.0,0.26257499108411314,1.847225995277313e-06
2019-02-01,100,100,1.0,0.2378199027199784,4.611561813305798e-06
2019-03-01,100,100,1.0,0.20333070508116877,2.6378180897346226e-06
2019-04-01,100,100,1.0,0.2928205396565581,1.8981676455087637e-06
2019-05-01,100,100,1.0,0.22746657500570977,1.246609862004533e-06
2019-06-01,100,100,1.0,0.19775639951063012,2.63535421796135e-06
2019-07-01,100,100,1.0,0.304598478370061,2.972839243664538e-06
2019-08-01,100,100,1.0,0.2074997946539022,6.6739518445047e-07
2019-09-01,100,100,1.0,0.20279477718097752,1.85910317407334e-06
2019-10-01,100,100,1.0,0.1460686452766414,3.1010772125750208e-06
2019-11-01,100,100,1.0,0.24675309811170065,3.0302558426953397e-06
2019-12-01,100,100,1.0,0.2286974263797816,1.8554378629076496e-06
2020-01-01,100,100,1.0,0.20714971037046767,3.954826925500754e-06
2020-02-01,100,100,1.0,0.10757881253647669,6.668325181147239e-06
2020-03-01,100,100,1.0,0.17418570494247493,6.356170616728107e-06
2020-04-01,100,100,1.0,0.2753935403973347,2.675875993229937e-06
2020-05-01,100,100,1.0,0.27939292194390636,6.128112828740484e-06
2020-06-01,100,100,1.0,0.2418967995931413,2.339179286936499e-06
2020-07-01,100,100,1.0,0.2755765660694723,1.548359075786987e-06
2020-08-01,100,100,1.0,0.35359374692225315,3.369313865242418e-06
2020-09-01,100,100,1.0,0.3868756402721604,4.3126836883899955e-06
2020-10-01,100,100,1.0,0.20316207244009032,2.107841075016381e-06
2020-11-01,100,100,1.0,0.21317241787226046,5.1203789361853325e-06
2020-12-01,100,100,1.0,0.3081588106073552,3.4547265215234546e-06
2021-01-01,100,100,1.0,0.4381949805293617,2.4612139624125007e-06
2021-02-01,100,100,1.0,0.45993298345740613,2.465771538062711e-06
2021-03-01,100,100,1.0,0.35363741474438326,3.546221525096982e-06
2021-04-01,100,100,1.0,0.27040707113737844,4.0331727344522506e-06
2021-05-01,100,100,1.0,0.27286986924165196,3.3097529745784726e-06
2021-06-01,100,100,1.0,0.26230326761969097,4.751881537146119e-06
2021-07-01,100,100,1.0,0.22577436319793492,8.614156233877068e-06
2021-08-01,100,100,1.0,0.22899327275138526,1.5178562953188646e-06
2021-09-01,100,100,1.0,0.32691171914707917,2.5348474190778347e-06
2021-10-01,100,100,1.0,0.2629789388569817,2.0047107427423327e-06
2021-11-01,100,100,1.0,0.37336384893924063,3.7753210664348558e-06
2021-12-01,100,100,1.0,0.2787162685006208,3.149290019432982e-06
2022-01-01,100,100,1.0,0.11788581016342847,3.091166465685191e-06
2022-02-01,100,100,1.0,0.13063589753367058,4.171139905029264e-06
2022-03-01,100,100,1.0,0.31286972375869043,2.3479516979563186e-06
2022-04-01,100,100,1.0,0.2119857679838832,1.6190169577212643e-06
2022-05-01,100,100,1.0,0.20130827558210457,9.950628238275527e-06
2022-06-01,100,100,1.0,0.08416078871826257,1.1014777975271173e-06
2022-07-01,100,100,1.0,0.20212223811547048,3.4259207501996514e-06
2022-08-01,100,100,1.0,0.35147859484347327,6.453201552902854e-06
2022-09-01,100,100,1.0,0.21488008980552092,2.2089677957914944e-06
2022-10-01,100,100,1.0,0.2115971217042632,5.924691408587535e-06
2022-11-01,100,100,1.0,0.11172466636405115,1.847856396786085e-06
2022-12-01,100,100,1.0,0.10570763489311778,3.1733570304837144e-06
2023-01-01,100,100,1.0,0.14448846490866576,2.1822742042321153e-06
2023-02-01,100,100,1.0,0.2757797666991785,5.4136591498554765e-06
2023-03-01,100,100,1.0,0.1332066112692801,2.0186293196999827e-06
2023-04-01,100,100,1.0,0.1285528446139787,1.7192773247298732e-06
2023-05-01,100,100,1.0,0.22688720768460047,1.6377036655690347e-06
2023-06-01,100,100,1.0,0.2082701612856109,3.651943996096918e-06
2023-07-01,100,100,1.0,0.17269016951091942,2.6873742280386637e-06
2023-08-01,100,100,1.0,0.1958238334949815,1.2103605884217217e-06
2023-09-01,100,100,1.0,0.20188463049538824,6.67209834270821e-06
2023-10-01,100,100,1.0,0.1467064309980798,9.613684048837001e-07
2023-11-01,100,100,1.0,0.2577144096284826,3.4487463915766625e-06
2023-12-01,100,100,1.0,0.28241281691498504,2.5868586366328827e-06
2024-01-01,100,100,1.0,0.29008311421546845,4.646497153260043e-06
2024-02-01,100,100,1.0,0.24344037133422333,2.1129794698371285e-06
2024-03-01,100,100,1.0,0.2793717619536586,3.881496272173379e-06
2024-04-01,100,100,1.0,0.3426827150104713,3.3926081750568216e-06
2024-05-01,100,100,1.0,0.16586440057953383,1.9613922175309995e-06
2024-06-01,100,100,1.0,0.1968741701526221,5.512734885027015e-06
2024-07-01,100,100,1.0,0.1967860326505037,8.082644871620914e-06
2024-08-01,100,100,1.0,0.22032414685983842,6.56839235047002e-06
2024-09-01,100,100,1.0,0.2577766890339412,8.273267604774759e-06
2024-10-01,100,100,1.0,0.32175679072123775,8.111141087674412e-07
2024-11-01,100,100,1.0,0.37513831745005954,1.4141370892506444e-05
2024-12-01,100,100,1.0,0.2570046128406621,4.28136505248311e-06
