date,decile_1,decile_2,decile_3,decile_4,decile_5,decile_6,decile_7,decile_8,decile_9,decile_10,decile_ls
2006-01-01,0.01040478804347826,0.017345271739130436,0.008451157608695652,0.004294353260869565,-0.006560418478260871,0.01092666304347826,-0.0018490706521739134,-0.007565853260869565,-0.01495445652173913,-0.04755322702702703,-0.05795801507050529
2006-02-01,0.03218280434782608,0.049463270270270275,0.043310227027027026,0.04443144864864865,0.043349205405405405,0.04373306486486486,0.027628870270270268,0.02975489189189189,0.02375201081081081,0.015715864864864863,-0.01646693948296122
2006-03-01,-0.012271478723404257,0.005796829787234043,0.006782439153439154,0.0033920053191489365,0.016442105820105822,-0.006515978723404256,-0.0029965,0.0058669312169312175,0.017288765957446807,0.001915645502645502,0.01418712422604976
2006-04-01,-0.11137905319148936,-0.05946378191489361,-0.04276752380952381,-0.03723985638297873,-0.026641603174603175,-0.036385505319148935,-0.04633767553191489,-0.042290814814814816,-0.048977069148936174,-0.06700802116402117,0.044371032027468185
2006-05-01,0.0005720378378378374,0.002580521505376344,-0.007219403225806453,-0.008654702702702704,-0.005872204301075269,-0.009588333333333332,-0.009866248648648648,-0.005394817204301075,-0.009754989247311828,-0.01971025806451613,-0.020282295902353968
2006-06-01,-0.015509545945945944,-0.002084821621621622,-0.015588378378378379,-0.027499659459459463,-0.033263037837837836,-0.0342601027027027,-0.047157881081081085,-0.05532131351351352,-0.056611864864864865,-0.05701513513513514,-0.041505589189189195
2006-07-01,0.024577273224043714,0.02887216847826087,0.032441625,0.026910625,0.026623081521739134,0.035966375,0.031989228260869564,0.03354657065217392,0.030187961956521736,0.022720423913043474,-0.0018568493110002401
2006-08-01,0.002011113513513514,0.0056262311827956985,0.012200860215053762,0.009962381720430107,0.018991478494623657,0.017838274193548387,0.024210897849462364,0.02693222043010753,0.02219827956989247,0.008931268817204302,0.006920155303690788
2006-09-01,0.07929868983957218,0.04811834224598931,0.05357929411764706,0.043535550802139035,0.0439401170212766,0.03158433155080214,0.03460980748663101,0.059430791443850266,0.05394729946524065,0.0714373670212766,-0.007861322818295588
2006-10-01,0.023321463541666667,0.02162311979166667,0.027424546875,0.029468015625,0.03012752604166667,0.02162059375,0.032997124999999995,0.03645146875,0.0320056875,0.04604449479166667,0.02272303125
2006-11-01,-0.0198865076142132,-0.02059638383838384,-0.007361929292929293,0.005821578680203046,0.0018319747474747476,0.007419878787878788,0.020647989847715736,0.013130368686868687,0.02080329797979798,0.02151686868686869,0.04140337630108189
2006-12-01,0.031667520408163265,0.020859187817258883,0.018488624365482233,0.01790530456852792,0.0226374923857868,0.02370807142857143,0.026048700507614212,0.030818913705583758,0.02584405076142132,0.009803390862944163,-0.021864129545219102
2007-01-01,-0.013380436548223351,-0.006579257575757576,-0.003936595959595959,0.001656727272727273,0.005977813131313132,0.00656989393939394,0.007266030303030303,0.011534414141414142,0.0015529949494949493,0.007448792929292929,0.02082922947751628
2007-02-01,0.01039663775510204,0.009145543147208121,0.0021874416243654825,0.01825894923857868,0.010929873096446701,0.018635989847715737,0.008648649746192894,0.014736802030456853,0.0012072893401015227,-0.0011741116751269036,-0.011570749430228944
2007-03-01,0.02697038578680203,0.02701578787878788,0.027833695431472082,0.022093383838383836,0.02798478282828283,0.03677827411167513,0.04359441414141414,0.028311446700507614,0.033906035353535355,0.0369925,0.010022114213197968
2007-04-01,0.050351065326633165,0.039826310000000004,0.045538465,0.042457589999999996,0.04859738,0.04197551256281407,0.044005685,0.046984445,0.035993335,0.024732965,-0.025618100326633166
2007-05-01,-0.03097042574257426,-0.0063371633663366345,-0.010640247524752474,-0.0026693448275862076,-0.01702628712871287,-0.012671663366336634,-0.008637344827586208,-0.011504737623762376,-0.016043945544554458,-0.01801963054187192,0.012950795200702338
2007-06-01,-0.031752791044776116,-0.04291688059701493,-0.038288727722772274,-0.042819845771144276,-0.04401507425742574,-0.05353161194029851,-0.05866371144278607,-0.07529439603960396,-0.06766396019900497,-0.09186944554455446,-0.06011665449977835
2007-07-01,-0.018255688775510207,0.009718715736040608,0.01139858883248731,0.0060817005076142135,0.011494624365482235,0.0008078223350253815,-0.00206041116751269,0.006072934010152285,-0.0015916142131979698,-0.001150228426395939,0.017105460349114268
2007-08-01,0.021038464285714285,0.027103015228426394,0.0318697461928934,0.020247781725888325,0.02356335532994924,0.02408263959390863,0.015937015228426395,0.009651472081218275,0.006579827411167513,0.008026527918781726,-0.013011936366932559
2007-09-01,0.045464215384615383,0.04826916923076923,0.016938482051282053,0.01911182564102564,0.019252066326530613,0.013735266666666666,0.012265333333333333,0.012676574358974358,0.01955976923076923,0.0039588826530612235,-0.041505332731554156
2007-10-01,-0.11697868717948717,-0.07990944102564103,-0.09210497959183672,-0.07012864102564102,-0.0807224387755102,-0.07285786153846154,-0.05015012820512821,-0.05097887244897959,-0.03163515897435897,-0.06523805102040815,0.05174063615907902
2007-11-01,-0.023087764397905757,-0.025753078534031415,-0.00899251832460733,-0.005243722513089005,-0.0014846020942408382,-0.004303806282722513,-0.005137832460732984,-0.0038657748691099474,0.0026895759162303664,0.00626630890052356,0.029354073298429317
2007-12-01,0.0036068105263157885,-0.02817242408376964,-0.046010764397905766,-0.07369074736842104,-0.06684007329842932,-0.0680779214659686,-0.08350698421052631,-0.08535349738219895,-0.1004134607329843,-0.11752958638743455,-0.12113639691375033
2008-01-01,-0.06251062365591398,-0.04175067379679144,-0.016128422459893047,-0.023093320855614972,-0.03199479679144385,-0.031510443850267376,-0.030246545454545453,-0.02388328342245989,-0.023113342245989304,-0.02067886631016043,0.04183175734575355
2008-02-01,-0.05344645108695652,-0.02387623243243243,-0.02156092391304348,-0.001437351351351351,-0.016451086486486487,-0.003886081521739131,-0.00751728108108108,0.008127032608695652,-0.01412552972972973,-0.026838432432432432,0.026608018654524085
2008-03-01,0.033092516483516486,0.05049712021857924,0.043132054644808744,0.04537403825136612,0.0565245956284153,0.05196767582417582,0.059274683060109294,0.04300676502732241,0.05899792349726776,0.05610328415300546,0.023010767669488973
2008-04-01,0.02951374594594595,0.032237243243243244,0.04436380540540541,0.05798985405405405,0.05969059677419355,0.06216081621621621,0.05087576756756757,0.03796491351351351,0.040968135135135135,0.04493579569892473,0.01542204975297878
2008-05-01,-0.06512621276595745,-0.07973557978723404,-0.07915576063829786,-0.09602510638297873,-0.0903114840425532,-0.09307060106382979,-0.09194971276595745,-0.09043411170212766,-0.11557108510638299,-0.12888265957446807,-0.06375644680851061
2008-06-01,-0.018469552486187844,0.0052610110497237576,-0.015597489010989011,0.024053121546961324,0.025608983516483514,0.018952187845303867,0.026574165745856353,0.0165255989010989,0.030762972375690607,0.003925945054945055,0.0223954975411329
2008-07-01,0.032055858695652174,0.01929568108108108,0.036768735135135136,0.018198945652173913,0.024063145945945944,0.03536165405405405,0.03903122282608696,0.03985224324324324,0.042854178378378384,0.0508450108108108,0.01878915211515863
2008-08-01,-0.1498853155080214,-0.11848332085561497,-0.12826509625668447,-0.11228808021390374,-0.10529793085106383,-0.08794495187165777,-0.09212078609625668,-0.09499865775401069,-0.08685033689839572,-0.055329228723404254,0.09455608678461713
2008-09-01,-0.26635419889502765,-0.2259572541436464,-0.23767567403314918,-0.2159886408839779,-0.2227047955801105,-0.22057123756906077,-0.19712686187845305,-0.20704345303867405,-0.20445753038674033,-0.22856636263736263,0.03778783625766502
2008-10-01,-0.17419601851851851,-0.09724856441717791,-0.07505156172839506,-0.09559828220858896,-0.06249383333333333,-0.10113758895705523,-0.09834698765432098,-0.1265680736196319,-0.10905888888888889,-0.1734986625766871,0.0006973559418314013
2008-11-01,0.030553740259740256,0.02621909090909091,0.053949902597402594,0.05850077272727273,0.03944361038961039,0.08008712337662338,0.06194046753246753,0.0659208051948052,0.07006890909090908,0.043252109677419354,0.012698369417679097
2008-12-01,-0.09396738993710692,-0.10835309433962263,-0.12734886792452832,-0.09278996226415094,-0.09602333125,-0.07877466037735849,-0.06537169182389937,-0.05970893081761006,-0.05630727672955975,-0.0860858125,0.00788157743710692
2009-01-01,-0.14592400657894736,-0.08910778289473684,-0.1054549802631579,-0.07026542105263157,-0.10898614473684211,-0.10477280921052631,-0.09052363157894737,-0.11576840131578947,-0.13752622368421052,-0.12381927631578948,0.022104730263157873
2009-02-01,0.12163522916666666,0.13112121379310343,0.13290068055555557,0.13776406206896552,0.09437258620689655,0.08478809722222222,0.0787356,0.08005216666666666,0.06400824827586206,0.05398010344827586,-0.0676551257183908
2009-03-01,0.19796783333333332,0.14580342666666668,0.15991829139072847,0.13706618666666667,0.16502549668874172,0.16319924,0.16610664666666666,0.1777034370860927,0.20120831333333333,0.14633113245033114,-0.05163670088300218
2009-04-01,0.030138762195121953,0.021121860606060607,0.023083615853658538,0.022827175757575757,0.04712932121212121,0.02571096341463415,0.04215714545454546,0.04717653658536585,0.07369790303030303,0.07816386666666666,0.04802510447154471
2009-05-01,0.02261779640718563,0.01665153892215569,0.007423191616766467,0.024961910179640716,0.009145095238095239,0.005243796407185628,-0.0005203113772455079,0.008613407185628743,0.0326464371257485,-0.0019438690476190467,-0.024561665454804676
2009-06-01,0.06127065680473373,0.05631980588235294,0.07419314117647058,0.07572043786982248,0.07545547058823529,0.11321525882352942,0.10900239053254437,0.11834379411764706,0.11186764117647059,0.15516400588235293,0.0938933490776192
2009-07-01,0.07856448587570622,0.03237883615819209,0.05651070056497175,0.03415754802259887,0.03167194943820225,0.021013124293785313,0.012379463276836157,0.017926401129943502,0.015028717514124292,0.025736696629213483,-0.052827789246492736
2009-08-01,0.02914638333333333,0.04584569444444444,0.05712088888888889,0.06040501111111111,0.05356807222222222,0.04206554444444444,0.07731957222222222,0.07154921111111111,0.08966141111111112,0.11699614364640884,0.08784976031307551
2009-09-01,-0.11306672131147542,-0.09262567759562843,-0.0774050218579235,-0.056264202185792346,-0.06088552173913043,-0.04951716939890711,-0.04116382513661202,-0.030881879781420766,-0.02745281420765027,-0.023381864130434783,0.08968485718104063
2009-10-01,0.05185519553072626,0.041130322222222224,0.04744135555555555,0.04352978212290503,0.04352393888888889,0.03284268888888889,0.02963938547486034,0.03781288333333333,0.024275044444444442,0.020562583333333332,-0.03129261219739293
2009-11-01,0.04036786592178771,0.045718966666666666,0.06571651666666667,0.060911972067039105,0.06930268333333332,0.07465996666666666,0.08778597206703911,0.07109285,0.09936936666666668,0.09843116111111111,0.0580632951893234
2009-12-01,-0.035467830601092896,-0.029155928961748633,-0.03429809289617486,-0.02209481420765027,-0.02828446739130435,-0.039605306010928966,-0.03116810928961749,-0.03756287978142076,-0.030681879781420767,-0.043943842391304354,-0.008476011790211457
2010-01-01,0.024903259668508287,0.03261090659340659,0.037207104395604394,0.04175858011049723,0.0367639010989011,0.05625849450549451,0.0360209226519337,0.0523448901098901,0.05399016483516483,0.06988870879120879,0.0449854491227005
2010-02-01,0.0416308524590164,0.06153851366120218,0.08442457377049181,0.07040401086956521,0.07175415846994534,0.08312194535519125,0.10009872826086956,0.08423203278688525,0.08924437704918034,0.08384314673913043,0.042212294280114034
2010-03-01,0.016653128342245988,0.033147759358288766,0.04223710638297872,0.046919561497326207,0.038292010638297874,0.04706136898395722,0.06613632085561498,0.06142271276595745,0.06058104812834225,0.05554885106382979,0.0388957227215838
2010-04-01,-0.11468052356020943,-0.09508002604166667,-0.09776865624999999,-0.0843794345549738,-0.07654083854166667,-0.0748203125,-0.06445386910994765,-0.06340227083333333,-0.056385614583333334,-0.04964695833333333,0.06503356522687609
2010-05-01,-0.020224122994652406,-0.026476251336898394,-0.053780256684491975,-0.057057128342245994,-0.07021515957446808,-0.08416870588235294,-0.08683778074866311,-0.08668255080213905,-0.10090443315508021,-0.13111846808510638,-0.11089434509045398
2010-06-01,0.05294733888888889,0.05186347777777778,0.055746416666666666,0.0732260611111111,0.08388494444444444,0.07693537777777779,0.07449465,0.07678213333333334,0.08237937777777778,0.09207500552486189,0.039127666635973
2010-07-01,-0.07075462841530054,-0.07028674316939891,-0.05767925683060109,-0.051522393442622945,-0.043173311475409835,-0.06274059016393443,-0.06070714754098361,-0.07005563387978142,-0.08788413661202185,-0.051450666666666665,0.01930396174863388
2010-08-01,0.1392066875,0.1366477683615819,0.10723177401129944,0.10084996045197739,0.11224286440677968,0.10656623163841808,0.1175541638418079,0.10915650847457628,0.1293169265536723,0.14218458757062147,0.0029779000706214587
2010-09-01,0.04973425683060109,0.04668079234972678,0.054406546448087435,0.04329257923497268,0.04203611475409836,0.042035775956284153,0.04279908196721312,0.028504453551912567,0.04142364480874317,0.034812234972677596,-0.014922021857923497
2010-10-01,0.025581524324324322,0.026513437837837838,0.03672967027027027,0.02563272580645161,0.01441217837837838,0.02825243783783784,0.014741166666666666,0.025977800000000002,0.03318147567567568,0.060895000000000005,0.03531347567567568
2010-11-01,0.11147913368983957,0.10176512765957448,0.09836335294117647,0.08690206382978724,0.08060083957219251,0.07600177127659574,0.06652101069518716,0.06528560106382979,0.05987842245989305,0.05902760638297872,-0.05245152730686085
2010-12-01,-0.003866559585492228,0.0046011761658031084,0.011983247422680412,0.01915922279792746,0.0049965876288659795,0.006604404145077719,0.00973221761658031,0.015660860824742266,0.008640253886010363,0.010276144329896906,0.014142703915389134
2011-01-01,0.044206916230366496,0.07380014659685864,0.042673041884816756,0.04885871875,0.04805673298429319,0.05126115183246073,0.05014298958333333,0.04928575392670157,0.036861418848167536,0.03540138541666667,-0.008805530813699829
2011-02-01,-0.004442664948453608,0.008180360824742267,0.01815863402061856,0.025214350515463918,0.017145097435897438,0.025511221649484536,0.015704628865979384,0.03376209793814433,0.0362996030927835,0.050238953846153844,0.05468161879460745
2011-03-01,0.02396568556701031,0.023912861538461536,0.02859331282051282,0.028191726804123712,0.018754697435897437,0.03390171794871795,0.03576265979381443,0.02673025641025641,0.01952823076923077,0.02103310256410256,-0.0029325830029077495
2011-04-01,-0.02317840512820513,-0.03011387755102041,-0.02488026020408163,-0.010674341836734694,-0.012091280612244898,-0.006745794871794873,-0.002997392857142857,-0.0075551683673469395,-0.013340923469387755,-0.030671801020408163,-0.007493395892203034
2011-05-01,-0.017910605128205127,-0.01349380512820513,-0.01910492857142857,-0.014785641025641026,-0.021629607142857145,-0.016710892307692307,-0.023231066666666668,-0.022139647959183672,-0.03292030769230769,-0.041663683673469384,-0.023753078545264258
2011-06-01,-0.030980458762886597,-0.028673882051282053,-0.04107775257731958,-0.04866305641025641,-0.03584416923076923,-0.04565829381443299,-0.029291938461538464,-0.0335554793814433,-0.03718194871794872,-0.051034276923076924,-0.020053818160190327
2011-07-01,-0.10178693750000001,-0.10741622395833333,-0.09689897395833334,-0.09068879792746114,-0.09615091666666666,-0.08357058333333334,-0.07937991191709845,-0.061358328125,-0.06425591666666666,-0.09491971502590674,0.006867222474093271
2011-08-01,-0.14032045502645502,-0.10693964021164021,-0.1014420634920635,-0.08412760846560847,-0.09278996296296298,-0.08922195238095239,-0.0932267037037037,-0.0959446455026455,-0.12305093121693123,-0.16958735789473683,-0.02926690286828182
2011-09-01,0.18458864640883976,0.1449016187845304,0.15155602209944752,0.1378350773480663,0.11786316574585635,0.14528614364640885,0.15248413259668508,0.13556278453038675,0.15934712154696132,0.2004739010989011,0.01588525469006133
2011-10-01,0.000788329787234042,-0.003652547872340426,0.0007212433862433864,-0.008114675531914892,-0.016689343915343914,0.013839372340425532,-0.006127452127659573,0.0006404761904761908,-0.017049127659574465,-0.018228201058201058,-0.0190165308454351
2011-11-01,-0.01643807486631016,0.009865893048128344,0.008995299465240641,-0.002067951871657754,0.0006086737967914438,0.009162395721925135,-0.0018028983957219253,0.009781331550802139,0.0071814171122994664,-0.019732267379679144,-0.003294192513368984
2011-12-01,0.13651433689839573,0.12754982352941177,0.09283309574468086,0.08827448663101603,0.09575852659574469,0.06122954010695187,0.049220149732620316,0.05319003191489362,0.03319040106951871,0.010709601063829788,-0.12580473583456594
2012-01-01,0.04447046073298429,0.050522359375,0.03752651308900524,0.04016507291666667,0.03380542931937173,0.03618138020833333,0.030069240837696333,0.034210401041666665,0.02506723036649215,0.040705427083333336,-0.003765033649650952
2012-02-01,-0.008761528795811517,0.016613505208333334,0.019034114583333334,0.02056171875,0.035213963541666664,0.03783096335078534,0.032658703125,0.028368234375,0.027493182291666668,0.032162651041666664,0.04092417983747818
2012-03-01,0.001875635416666667,0.004445787564766841,-0.011086943005181347,-0.009875390625,-0.009147834196891191,-0.011678901554404144,-0.017073401041666665,-0.022072341968911915,-0.033951528497409324,-0.04649778756476684,-0.04837342298143351
2012-04-01,-0.12113828795811518,-0.10483041884816754,-0.08412029319371728,-0.08306895287958116,-0.06708208854166667,-0.07018029842931937,-0.05760147643979058,-0.04977326701570681,-0.05515457591623036,-0.059329708333333335,0.06180857962478185
2012-05-01,0.07434842245989305,0.04026027127659575,0.04664859893048128,0.039862329787234044,0.0354325585106383,0.0343178449197861,0.02333953191489362,0.030784064171122994,0.034573851063829784,0.03645056382978724,-0.037897858630105814
2012-06-01,-0.023900921052631578,-0.018068931937172773,-0.015541684210526317,-0.0024688219895287965,-0.014127373684210527,-0.011991151832460733,-0.010899931578947369,-0.0033124764397905763,-0.007805668421052631,-0.0037420680628272246,0.020158852989804354
2012-07-01,0.028506297872340425,0.016031931216931215,0.03651888829787234,0.022126746031746032,0.024037558510638296,0.024497973544973545,0.04565618085106383,0.057289063492063495,0.05219344680851064,0.04813186243386243,0.019625564561522004
2012-08-01,0.026315084210526314,0.024952084210526318,0.03611987894736842,0.03730969109947644,0.039784005263157896,0.032622242105263155,0.03967107329842932,0.034922063157894735,0.019794252631578947,0.02816575392670157,0.0018506697161752572
2012-09-01,-0.020867115183246073,-0.027189369791666668,-0.023560994791666665,-0.007538267015706807,-0.013308442708333333,-0.018355255208333334,-0.017262246073298432,-0.015531401041666665,-0.02548821875,-0.027631244791666666,-0.006764129608420592
2012-10-01,-0.005755005235602094,0.013339067708333333,0.024179869791666666,0.01360714659685864,0.017882223958333335,0.028982572916666668,0.006533193717277486,0.014366005208333333,0.0283608125,0.0073924010416666665,0.01314740627726876
2012-11-01,0.0509269375,0.06303141145833334,0.04309176683937824,0.037093890625,0.027857937823834198,0.029206916666666666,0.028937505208333335,0.01661941450777202,0.016671265625,-0.003811621761658032,-0.05473855926165803
2012-12-01,0.06046933854166667,0.07003827979274611,0.06116656994818653,0.06638226424870466,0.07405936787564767,0.06950305181347151,0.06071551295336788,0.06130069430051814,0.05618681865284974,0.05151024352331607,-0.008959095018350599
2013-01-01,0.021319091836734694,0.021526451776649747,0.01568474111675127,0.014433710659898477,0.015243401015228428,0.006945096938775511,0.01673153807106599,0.00875220304568528,0.005891796954314721,0.0006177512690355333,-0.02070134056769916
2013-02-01,0.03778917948717949,0.043421897435897444,0.04610946428571428,0.05058750769230769,0.04571041836734694,0.0512402717948718,0.049806558974358976,0.04222804081632653,0.0465743641025641,0.05201428571428572,0.014225106227106231
2013-03-01,0.02836571573604061,0.005113878787878789,0.005201289340101523,0.001668681818181818,0.0062278477157360415,-0.0036831212121212127,-0.00990930456852792,-0.008007353535353536,-0.005135096446700508,-0.013080909090909091,-0.041446624826949705
2013-04-01,-0.010287845,0.037382094527363185,0.035382935,0.03343724378109453,0.057741249999999994,0.052252631840796024,0.055749129999999994,0.06472140298507463,0.06826568,0.06578427860696517,0.07607212360696518
2013-05-01,-0.00845575980392157,0.008724220588235293,-0.00232928431372549,-0.00405375,-0.0007891609756097565,0.0012342598039215683,0.0009475490196078436,-0.00016144117647058886,-0.005920156862745099,-0.009860653658536587,-0.0014048938546150167
2013-06-01,0.10349646078431374,0.06491268780487805,0.06994540196078432,0.06775912195121951,0.07484492156862745,0.06173145853658537,0.06042614215686275,0.0613518,0.06481780392156863,0.06159603414634146,-0.04190042663797228
2013-07-01,-0.03513723333333333,-0.017072471428571427,-0.03410524285714286,-0.029161279620853083,-0.020693976190476193,-0.021353790476190473,-0.02772391943127962,-0.028982342857142858,-0.02700032380952381,-0.02308791943127962,0.012049313902053709
2013-08-01,0.02898063157894737,0.03895493301435407,0.051404349282296646,0.04810585238095238,0.05827082296650717,0.07037752631578947,0.06797118095238096,0.06612948325358851,0.06656581339712919,0.09189983809523809,0.06291920651629072
2013-09-01,0.04133249289099526,0.016998109004739335,0.032665630331753556,0.030403620853080567,0.0393024028436019,0.036697530805687203,0.03503655924170616,0.038445,0.02993698104265403,-0.014513654028436018,-0.05584614691943128
2013-10-01,0.0436592654028436,0.04122969668246445,0.043911374407582936,0.03974109905660377,0.0333466682464455,0.04996794786729858,0.03156933962264151,0.039547260663507104,0.03230010426540284,0.034557311320754715,-0.009101954082088887
2013-11-01,0.025822422535211265,0.023372939252336446,0.027777981308411213,0.021851327102803738,0.02523903738317757,0.022837887850467288,0.025130294392523362,0.03525752336448598,0.026689710280373834,0.03283133177570093,0.007008909240489667
2013-12-01,-0.012771083333333334,-0.023863629629629627,-0.031412171296296296,-0.0319592962962963,-0.02674540740740741,-0.03843581481481482,-0.038510671296296296,-0.03664296296296296,-0.03273206481481482,-0.02433958525345622,-0.011568501920122888
2014-01-01,0.05673300467289719,0.042221720930232555,0.04286854205607477,0.042490874418604656,0.03618626635514019,0.049963874418604656,0.042679060747663554,0.06078831162790698,0.06687607476635514,0.0536458511627907,-0.003087153510106494
2014-02-01,-0.0733622247706422,-0.019442761467889907,0.0008213302752293573,0.0025082785388127857,0.007864683486238533,0.012518940366972476,0.004768479452054795,0.011676105504587156,0.016191444954128442,0.017244968036529678,0.09060719280717189
2014-03-01,-0.04648962499999999,-0.03575147004608295,-0.022733640552995392,-0.012806778801843319,-0.01992958525345622,-0.015912125,-0.019637967741935485,-0.024540009216589862,-0.027648930875576037,-0.09230746543778802,-0.04581784043778803
2014-04-01,0.002494810185185185,0.007084805555555556,0.007976486111111111,0.013423625000000002,0.010500447004608294,0.009698555555555556,0.010743648148148148,0.0035734398148148153,0.012433319444444445,0.018419327188940095,0.015924517003754912
2014-05-01,0.07338126511627907,0.07526020465116279,0.05330821860465116,0.04241894418604651,0.04244564351851851,0.041726218604651165,0.04342482790697674,0.03457199534883721,0.048193218604651165,0.058480129629629625,-0.014901135486649446
2014-06-01,-0.07891924770642202,-0.07306335616438356,-0.05380151834862385,-0.05912944748858447,-0.04993894495412844,-0.05215871232876712,-0.04145183027522936,-0.038035511415525115,-0.03532681651376147,-0.03699008219178082,0.041929165514641195
2014-07-01,0.04533433796296297,0.04155319444444445,0.04282869907407408,0.053469495370370365,0.050362529953917046,0.032963513888888886,0.042447027777777785,0.0480270462962963,0.06215471759259259,0.06991438248847927,0.0245800445255163
2014-08-01,-0.04333648623853211,-0.03164386301369863,-0.0439016301369863,-0.05535850228310502,-0.05951156621004566,-0.049136694063926935,-0.04277359360730593,-0.05365563013698631,-0.04074439269406392,-0.05797424200913242,-0.014637755770600308
2014-09-01,0.04731257674418605,0.048623976744186045,0.04750542129629629,0.051915767441860466,0.04403981944444445,0.05249240465116279,0.04815469302325581,0.04777456481481481,0.05805684186046512,0.04042741203703704,-0.006885164707149005
2014-10-01,-0.032679569444444445,-0.002396963133640553,0.007909308755760368,0.012081525345622119,0.007244299539170508,0.011984842592592592,0.014444387096774192,0.016545239631336407,0.007935778801843318,0.014987396313364055,0.0476669657578085
2014-11-01,0.022862935185185184,0.025511620370370372,0.025938583333333334,0.026280930555555557,0.014874162037037038,0.029017305555555553,0.015510819444444445,0.011973935185185185,0.013049097222222224,0.010531488479262673,-0.01233144670592251
2014-12-01,-0.03486049537037037,-0.051890341013824885,-0.040073972350230413,-0.04733505092592592,-0.027676271889400923,-0.03037546082949309,-0.05050762962962963,-0.04659620276497696,-0.03839399539170507,-0.039309188940092166,-0.004448693569721794
2015-01-01,0.09626422748815165,0.07363993867924529,0.0744296037735849,0.06997131603773585,0.07282993396226414,0.07652889573459716,0.06626171226415094,0.07574286320754718,0.05446403301886792,0.043141716981132075,-0.05312251050701958
2015-02-01,-0.008248434579439252,-0.009804106976744187,-0.0027984000000000004,0.000476446511627907,0.00825626511627907,0.013789855140186916,0.013060916279069768,0.02567061860465116,0.020103734883720928,0.008514637209302326,0.016763071788741576
2015-03-01,-0.006479362790697673,-0.016765842592592593,-0.021416222222222222,-0.020241425925925927,-0.008597138888888889,-0.01142041395348837,-0.010531828703703705,0.0016285694444444446,-0.0069345,0.015628398148148148,0.02210776093884582
2015-04-01,0.026887645161290323,0.02793012844036697,0.010094692660550459,0.017714380733944955,0.0247806376146789,0.02257337614678899,0.029686435779816514,0.016433807339449543,0.017214068807339448,-0.011017220183486238,-0.037904865344776564
2015-05-01,-0.046757064220183484,0.000285366972477064,-0.0007308623853211001,0.0004928219178082183,0.006111977064220183,0.010352655963302752,0.004004762557077625,0.004899532110091743,0.009425798165137615,0.016169,0.06292606422018349
2015-06-01,-0.0598337247706422,-0.00833456880733945,-0.01688037614678899,0.007158151376146789,-0.0030696651376146793,0.0018088623853211004,-0.0004782339449541286,-0.0228095871559633,-0.018860022935779815,-0.02916687214611872,0.03066685262452348
2015-07-01,-0.06986026851851851,-0.06644849537037037,-0.06688130092592592,-0.0675157037037037,-0.06431268055555556,-0.06450368981481482,-0.05691486111111112,-0.0471508425925926,-0.04560042592592592,-0.046367907407407406,0.023492361111111103
2015-08-01,-0.005660990740740741,-0.02285067281105991,-0.03441184259259259,-0.04105926267281106,-0.05103797222222223,-0.05854628571428572,-0.06559791203703703,-0.06894252073732719,-0.10146285185185186,-0.1198389539170507,-0.11417796317630996
2015-09-01,0.05825377142857143,0.08008434597156398,0.06608115238095238,0.07414201895734597,0.06807609004739337,0.06974189523809524,0.060363535545023696,0.0478221380952381,0.04987645971563981,0.04977326066350711,-0.008480510765064321
2015-10-01,0.02747907511737089,0.016983154929577464,0.009927962441314555,0.0188564882629108,0.023991471962616823,0.03215129107981221,0.040429596244131456,0.026042342723004694,0.035415666666666665,0.03774160747663551,0.010262532359264623
2015-11-01,-0.021142397260273973,-0.0286027397260274,-0.04804357534246575,-0.03832580821917808,-0.03748428310502283,-0.05505588127853881,-0.05235419178082192,-0.05735449771689498,-0.047090155251141554,-0.046982219178082194,-0.02583982191780822
2015-12-01,-0.1245006392694064,-0.07027109132420091,-0.07755830593607306,-0.06758106392694063,-0.07573662100456621,-0.07444206392694064,-0.0920753287671233,-0.09096810502283104,-0.08702878538812786,-0.13820404566210046,-0.01370340639269406
2016-01-01,-0.02636844549763033,0.001690090047393365,-0.003647943127962086,-0.004710947867298579,0.012176412322274881,0.014257037914691944,0.018806241706161138,0.02462491469194313,0.029083635071090047,0.0018035613207547164,0.028172006818385047
2016-02-01,0.13655162857142858,0.08760834597156399,0.0851665,0.07403988151658768,0.07489354761904762,0.08019174407582938,0.07168289047619048,0.07118211374407582,0.06835637619047619,0.06623446919431279,-0.07031715937711579
2016-03-01,0.09874671698113208,0.034335234741784036,0.035367504716981135,0.009278995305164319,0.015880887323943663,-0.0012064150943396227,0.016978643192488263,0.020093400943396227,0.004876333333333333,0.018004178403755868,-0.0807425385773762
2016-04-01,0.02163613953488372,0.009524618604651163,0.022681976744186046,0.026738781395348837,0.010888569444444444,0.020133339534883724,0.01869306976744186,0.012098558139534882,0.008438604651162791,-0.008362675925925926,-0.029998815460809646
2016-05-01,-0.02795222325581395,-0.005936157407407407,0.015132453703703705,-0.0022905767441860465,-0.004416314814814815,-0.013945601851851851,-0.015254027906976744,0.000457129629629629,-0.015475268518518518,-0.007563550925925926,0.020388672329888027
2016-06-01,0.08220152336448598,0.09441704186046511,0.06815063551401869,0.0618117023255814,0.06058178037383178,0.05715568837209302,0.04394607476635514,0.04435601860465116,0.033904742990654206,0.017233902325581394,-0.06496762103890459
2016-07-01,0.01238212962962963,0.009096723502304147,0.001992625,0.0029171428571428577,0.015389377880184331,0.016140597222222223,0.020084018433179723,0.027463407407407405,0.016592649769585254,0.04189166820276497,0.02950953857313534
2016-08-01,0.019786819444444447,-0.001506888888888889,0.0016452777777777778,0.005724967741935483,0.00611125462962963,-0.004046208333333333,0.008383221198156682,0.018604481481481482,0.01983737037037037,0.06530581566820276,0.04551899622375831
2016-09-01,-0.03301045871559633,-0.035932605504587156,-0.025273839449541285,-0.02080906880733945,-0.0354532100456621,-0.02902903669724771,-0.03933600917431193,-0.05349642660550459,-0.06838300458715597,-0.0945642694063927,-0.06155381069079637
2016-10-01,0.13539995794392523,0.09577339252336448,0.10065172897196262,0.09375972429906543,0.0875023534883721,0.07559221028037383,0.08506778504672896,0.1007357523364486,0.10294738785046728,0.13081833953488373,-0.004581618409041505
2016-11-01,0.027075649769585257,0.0295895504587156,0.03371982568807339,0.03052437155963303,0.020931568807339446,0.02494058525345622,0.026867853211009176,0.016584573394495414,0.011083394495412843,-0.004438522935779817,-0.03151417270536507
2016-12-01,0.00023004147465437784,0.007066811926605504,-0.0033108577981651385,0.004037926605504587,0.003125532110091743,0.007255793577981651,0.007457527522935779,0.009604201834862386,0.02109330275229358,0.03912881651376147,0.03889877503910709
2017-01-01,0.02763387962962963,0.025894208333333335,0.027190430555555558,0.021208717592592595,0.02133389861751152,0.01848651388888889,0.006156291666666667,0.01232389351851852,-0.0009149722222222221,0.05412112903225806,0.02648724940262843
2017-02-01,0.008555907407407408,0.005061759259259259,-0.0034217222222222227,0.004916888888888889,0.0010120645161290328,0.008200657407407407,-0.003805986111111111,0.009635717592592593,0.009186958333333333,-0.003940009216589862,-0.01249591662399727
2017-03-01,0.007611386046511629,0.012563981481481482,0.010862708333333334,0.01908287037037037,0.007276032407407406,0.014798976851851851,0.015647689814814816,0.02140897222222222,0.01474538888888889,0.009413708333333333,0.0018023222868217038
2017-04-01,-0.02912286046511628,-0.018344384259259258,-0.008833697674418606,-0.018197953703703702,-0.00868675462962963,-0.01109440465116279,-0.01994777314814815,0.0045410511627906975,-0.004987606481481483,-0.0038808703703703705,0.025241990094745908
2017-05-01,0.036583915492957746,0.022005967289719628,0.02938130985915493,0.02746909813084112,0.024308563380281693,0.03964342056074766,0.04142559624413145,0.03303023364485982,0.03270876525821596,0.03166557009345794,-0.004918345399499806
2017-06-01,0.002286530232558139,0.005742810185185186,0.006785944186046511,0.0025069583333333333,0.007000115740740741,0.008773837209302325,0.004512500000000001,0.010308367441860465,0.014154773148148147,0.016737296296296295,0.014450766063738156
2017-07-01,0.0007375674418604654,-0.0036308837209302327,-0.010228064814814815,-0.014110237209302325,-0.012975601851851851,-0.010599841860465116,-0.018698120930232556,-0.014662087962962964,-0.0013024000000000006,-0.02735375925925926,-0.028091326701119728
2017-08-01,0.08937166509433962,0.09434387264150942,0.06942395283018868,0.07859925,0.06961605660377358,0.05601234433962264,0.05349693867924528,0.0454446320754717,0.03727596698113208,0.013619400943396228,-0.0757522641509434
2017-09-01,-0.006719676056338029,0.0014118685446009391,0.007363761682242991,0.010282657276995304,0.017612794392523366,0.004947230046948357,0.012707262910798123,0.01832410747663551,0.011776586854460093,-0.0014578551401869153,0.005261820916151114
2017-10-01,0.039507023696682464,0.03951533962264151,0.02740227358490566,0.04830249763033175,0.04208433490566038,0.02334816509433962,0.038977526066350715,0.03185722641509434,0.03252754716981132,0.03593404716981132,-0.0035729765268711425
2017-11-01,0.030757455399061034,0.0035578920187793427,0.0031341971830985914,-0.00015372300469483602,-0.006558565420560747,0.002017967136150235,0.004664830985915493,-0.00036020187793427247,0.011543023474178404,0.01364732242990654,-0.017110132969154493
2017-12-01,0.05044232863849765,0.03469500934579439,0.02444542253521127,0.029660121495327103,0.01799625352112676,0.042300556074766356,0.03358450704225352,0.031491953271028036,0.04411813145539906,0.02446820093457944,-0.02597412770391821
2018-01-01,-0.027572788732394365,-0.017903476635514018,-0.03368065420560747,-0.02979729906542056,-0.029651771028037385,-0.030674403755868548,-0.04876529906542056,-0.04474302803738318,-0.03943499065420561,-0.04724184579439252,-0.019669057061998157
2018-02-01,-0.018852014150943397,-0.007976801886792452,-0.002884655660377358,0.005420566037735849,0.014439617924528303,0.00747697641509434,0.009715900943396227,0.012269825471698113,0.01727759905660377,0.002846516431924883,0.02169853058286828
2018-03-01,0.024253611374407583,0.025481857819905213,0.014943497630331752,0.007399890995260664,0.0076360284360189575,0.0010099194312796203,0.008323981042654027,-0.0008578056872037914,0.002570644549763033,-0.002159374407582938,-0.02641298578199052
2018-04-01,0.09632853051643192,0.08933835514018691,0.07235772769953051,0.062486303738317754,0.0618818738317757,0.03709167136150235,0.029928406542056075,0.024233760563380283,0.018882794392523362,0.018891186915887852,-0.07743734360054406
2018-05-01,0.0012001302325581392,0.011870199074074073,-0.0044895555555555565,0.002205637209302325,0.013698398148148149,0.024074837962962965,0.009386041860465117,0.011588300925925927,0.015098254629629628,0.02594649537037037,0.02474636513781223
2018-06-01,-0.009889557603686637,0.019391460829493088,0.011600958525345623,0.01627584331797235,0.03223925806451613,0.02794189400921659,0.025081691244239628,0.025030976958525346,0.02344235944700461,0.017983853211009173,0.027873410814695812
2018-07-01,0.0833379400921659,0.06066962385321101,0.04420266513761468,0.05239575576036866,0.031790123853211005,0.034830481651376144,0.022018562211981566,0.022935527522935782,0.020344041284403667,0.03172439449541284,-0.05161354559675306
2018-08-01,-0.051330351598173514,-0.017630163636363636,-0.02421769406392694,-0.02194244090909091,-0.022412474885844746,-0.01083036818181818,-0.00836045205479452,-0.010591313636363637,-0.008155926940639269,-0.016323636363636363,0.03500671523453715
2018-09-01,-0.1823855,-0.11909118348623852,-0.12096943119266054,-0.09793040182648402,-0.1136444633027523,-0.09054009174311926,-0.07732522374429224,-0.07674792201834862,-0.07243214220183486,-0.07673872602739726,0.10564677397260275
2018-10-01,0.02101462910798122,0.022729356807511737,0.018585910798122066,0.016869291079812207,0.012768102803738319,0.0286632441314554,0.0003745680751173701,0.009471028169014085,0.011323032863849765,0.0011518177570093453,-0.019862811350971878
2018-11-01,-0.1431360663507109,-0.13441578301886792,-0.10057310849056604,-0.10849476303317536,-0.10552033490566039,-0.11332216037735848,-0.11046201421800948,-0.11836759905660378,-0.10892719339622642,-0.11028572641509433,0.032850339935616577
2018-12-01,0.16404166666666667,0.1341516536585366,0.11690534146341464,0.10520328292682928,0.1078750487804878,0.10895336097560976,0.09862786829268293,0.09936812195121951,0.10936332195121952,0.10109579512195122,-0.06294587154471545
2019-01-01,0.04000774038461538,0.03609472596153846,0.0478965,0.04566803846153847,0.04234629326923077,0.06484009134615384,0.05146140865384615,0.07188521153846153,0.060081586538461546,0.07475065071770334,0.03474291033308796
2019-02-01,-0.0020559569377990427,-0.013394557142857144,-0.028423276190476188,-0.011662457142857144,-0.012221042857142858,-0.021848733333333332,-0.01862906666666667,-0.02330422380952381,-0.021385309523809525,-0.03060657142857143,-0.02855061449077239
2019-03-01,0.0012844663461538464,0.02606095673076923,0.03709742788461538,0.04498352403846154,0.04595494230769231,0.04806010576923077,0.0399925,0.05726394711538462,0.03051470673076923,0.034643966507177035,0.03335950016102319
2019-04-01,-0.06189334449760765,-0.0555897990430622,-0.06629953588516746,-0.07763175119617224,-0.0854108380952381,-0.08868833014354068,-0.08065964593301436,-0.09274561722488038,-0.10918124401913876,-0.09862132857142857,-0.03672798407382091
2019-05-01,0.09660169117647059,0.09683995609756098,0.08082121951219512,0.08402486274509804,0.08787036585365854,0.07711955609756098,0.06920201960784314,0.06116357073170732,0.061874292682926824,0.05063829756097561,-0.04596339361549498
2019-06-01,0.0039700485436893205,0.009883028985507246,0.01857073913043478,0.01231308695652174,0.016908685990338165,0.003816271844660194,0.01573537198067633,-0.005931357487922705,-0.0009562560386473429,-0.012121299516908213,-0.016091348060597532
2019-07-01,-0.0336854154589372,-0.05297569565217391,-0.05146797584541063,-0.04659809178743961,-0.04103162801932367,-0.04905307246376812,-0.05520271497584541,-0.051453599033816425,-0.06702680193236715,-0.08340564903846154,-0.04972023357952434
2019-08-01,-0.05727312807881774,0.015006950980392158,0.009819004926108375,0.010680647058823529,0.028224480392156862,0.02873547290640394,0.04190963235294117,0.03966106403940886,0.05059602450980392,0.0734129411764706,0.13068606925528833
2019-09-01,0.02431759803921569,0.01965137254901961,0.02740995098039216,0.011585341463414636,0.021036019607843136,0.02371752450980392,0.020154448780487808,0.016961215686274508,0.014337539215686274,0.001650990243902439,-0.02266660779531325
2019-10-01,0.013580053921568629,0.031232917073170732,0.0313880487804878,0.031397326829268296,0.05142885853658537,0.041852897560975606,0.055427434146341464,0.061103039024390245,0.06926060487804878,0.08032506341463415,0.06674500949306553
2019-11-01,0.04147587254901961,0.012072960975609755,0.024867151960784317,0.026959692682926827,0.01851655392156863,0.044881370731707323,0.029074745098039215,0.031456239024390244,0.05807802941176471,0.07568183902439024,0.03420596647537063
2019-12-01,-0.04483169756097561,-0.04244455339805825,-0.0114515,-0.026063736585365854,-0.027501567961165048,-0.018215631067961164,-0.03542256097560976,-0.032412033980582525,-0.037454587378640776,-0.044379145631067964,0.00045255192990764637
2020-01-01,-0.1214536862745098,-0.11388470731707316,-0.09064972195121952,-0.08684895098039216,-0.09535452195121952,-0.08649724878048781,-0.06754889215686274,-0.07366061463414635,-0.05860128292682927,-0.04283499512195122,0.07861869115255857
2020-02-01,-0.18363301492537312,-0.1862771881188119,-0.21001873134328358,-0.21563635643564355,-0.23001116417910447,-0.2324674405940594,-0.22534721393034826,-0.22810619801980198,-0.21933762189054726,-0.23203230198019803,-0.04839928705482491
2020-03-01,0.2939156524064171,0.1855618085106383,0.17449256382978726,0.14878308556149733,0.13885298936170212,0.13630393617021275,0.15118286096256683,0.13351117021276596,0.13260709574468085,0.15140578191489362,-0.14250987049152347
2020-04-01,0.03466417435897436,0.05163405612244898,0.06859265128205129,0.07751465306122449,0.08294017435897436,0.08611315306122448,0.08387111794871795,0.08686072448979593,0.07413954871794871,0.10795736734693878,0.07329319298796441
2020-05-01,0.020825772727272727,0.01635829292929293,0.020155565656565656,0.02082124623115578,0.019712217171717172,0.021285348484848483,0.04762557286432161,0.03647823232323232,0.0654349797979798,0.0593678040201005,0.03854203129282777
2020-06-01,-0.007753455000000004,0.02799658,0.02118344776119403,0.023249185,0.03429011940298508,0.04540629,0.04099126,0.057881407960199,0.057768045,0.05895078606965174,0.06670424106965174
2020-07-01,0.10209723762376238,0.07277219306930693,0.06951870297029702,0.05179924137931034,0.06224919306930693,0.04048056435643565,0.029791083743842362,0.05107476237623763,0.03210767326732673,0.03919802955665025,-0.06289920806711213
2020-08-01,-0.03588290776699029,-0.04897961352657005,-0.03560644444444445,-0.02890378640776699,-0.03004228502415459,-0.03754176811594203,-0.029646582524271846,-0.024145478260869567,-0.029297454106280194,-0.02634533816425121,0.00953756960273908
2020-09-01,-0.01115019806763285,0.04429498550724638,0.045277391304347825,0.03489436231884058,0.02624700966183575,0.0100268115942029,0.016330599033816427,0.002106415458937199,0.0024525217391304353,-0.012266502415458938,-0.0011163043478260876
2020-10-01,0.32075586538461537,0.27469088942307696,0.21189402884615383,0.14904926442307692,0.16691578846153846,0.1441588701923077,0.14432570673076922,0.12590792788461538,0.13145235096153846,0.12285067464114832,-0.19790519074346705
2020-11-01,0.06538532110091742,0.06463220547945206,0.0640487899543379,0.07539725570776255,0.07203750228310503,0.07705479357798165,0.08842881278538813,0.0901779497716895,0.08615624657534246,0.09421260730593607,0.02882728620501865
2020-12-01,0.133184,0.13101335874439463,0.0708973139013453,0.051695856502242156,0.0319849730941704,0.026224972972972976,0.020712345291479823,0.015505690582959641,0.01113670403587444,0.007670641255605381,-0.12551335874439462
2021-01-01,0.07817745652173913,0.08924643043478261,0.10647119565217392,0.11743737826086957,0.07664331168831169,0.0887854652173913,0.06778978260869566,0.05157734782608696,0.028046439130434784,0.013134207792207793,-0.06504324872953134
2021-02-01,0.0486978220338983,0.03815600843881856,0.020395046413502108,0.03228717299578059,0.03068617721518987,0.029402071729957804,0.03965972151898734,0.020497573839662445,0.007568282700421941,-0.04455386497890295,-0.09325168701280126
2021-03-01,-0.044007558333333335,0.0025146058091286318,0.0247860625,0.04040345228215768,0.04178190416666667,0.040450215767634856,0.030027508333333335,0.04203361410788382,0.03221313333333333,0.03529251037344398,0.07930006870677732
2021-04-01,-0.0036542975206611556,-0.004344818930041151,0.006920600823045268,0.009102366255144033,0.008452670781893002,0.018098305785123968,0.003113851851851852,0.012329748971193415,0.019997979423868315,-0.0030909547325102876,0.000563342788150868
2021-05-01,0.07147168571428572,0.049732387755102046,0.03887825203252032,0.011323873469387754,0.00035675203252032514,0.004215477551020408,-0.006378808163265306,-0.010678630081300813,0.004817089795918368,0.03103874796747967,-0.04043293774680605
2021-06-01,-0.026459522088353414,0.00465395983935743,-0.0017328000000000003,-0.026175991967871483,-0.01536368,-0.03799361445783132,-0.044759212851405626,-0.05877122,-0.0643227469879518,-0.07161835600000001,-0.045158833911646594
2021-07-01,0.052101153225806454,0.023158510040160642,0.012706431451612902,0.011543995983935743,0.023739265060240964,0.017609629032258062,0.022227907630522088,0.028495415322580642,0.017835891566265062,0.01134101606425703,-0.04076013716154943
2021-08-01,-0.05322747244094488,-0.03617712992125984,-0.03631946456692913,-0.024273299212598423,-0.024705326771653546,-0.025378685039370078,-0.02540397244094488,-0.022313515748031497,-0.0340257874015748,-0.045242113725490196,0.007985358715454687
2021-09-01,-0.002996150197628458,0.001139925196850393,0.03377888582677165,0.04581636220472441,0.05243538188976377,0.04477973622047244,0.04970402755905511,0.048431133858267715,0.03638690551181102,0.05698822047244095,0.059984370670069405
2021-10-01,-0.07479729133858268,-0.06967430196078432,-0.0432126431372549,-0.046238623529411764,-0.03673570588235294,-0.03675341732283465,-0.03510112156862746,-0.03689130980392157,-0.04560102352941177,-0.054686454901960786,0.02011083643662189
2021-11-01,-0.05905024701195219,-0.015278293650793652,0.005195075697211154,0.02611617857142857,0.039960294820717134,0.02892374603174603,0.0467747171314741,0.038029908730158726,0.04808494820717131,0.036135686507936506,0.09518593351988869
2021-12-01,-0.180326404,-0.129466548,-0.10905153784860558,-0.100527184,-0.07470017131474103,-0.058430272000000005,-0.059575428,-0.05113106374501992,-0.05864282,-0.09807016733067729,0.0822562366693227
2022-01-01,0.008254636363636363,0.007265230452674897,-0.005075851239669422,0.011453316872427984,-0.007432008264462809,0.004830600823045267,0.0006728760330578514,0.004069530864197531,0.007010801652892562,-0.002298213991769548,-0.010552850355405912
2022-02-01,0.013446194214876033,0.0030639958677685943,0.010871570247933886,0.00028257201646090504,0.00293295867768595,0.003250541322314049,0.003316860082304527,0.013806553719008264,0.018829185950413226,0.013938662551440328,0.0004924683365642949
2022-03-01,-0.030348569672131148,-0.042694377049180325,-0.0681149631147541,-0.07620557959183673,-0.0736804713114754,-0.09168865573770492,-0.10339603265306123,-0.11418931967213114,-0.15332447131147542,-0.2460936775510204,-0.21574510787888926
2022-04-01,-0.0022822067510548526,0.019458586497890295,0.0015656160337552743,0.015257915966386554,0.007535451476793248,-0.002997848101265822,0.015393289915966387,0.0009061097046413512,-0.04684732067510548,-0.0781983319327731,-0.07591612518171825
2022-05-01,-0.14850862553191488,-0.09600210212765958,-0.10390625106382978,-0.07394549576271187,-0.0736569574468085,-0.08287293617021277,-0.07194633898305085,-0.05874074468085106,-0.06517817021276595,-0.09589483474576271,0.052613790786152165
2022-06-01,0.1576978370044053,0.13132140969162995,0.13064644052863436,0.11425381497797357,0.11278701321585903,0.09879165198237885,0.07993629515418502,0.06884115418502203,0.07240183700440529,0.07718249779735684,-0.08051533920704845
2022-07-01,-0.02478756223175966,-0.032649167381974244,-0.011142961373390558,-0.04061861965811966,-0.011200120171673818,-0.019883081545064376,-0.010688688034188034,-0.0173771330472103,-0.022529690987124464,0.011544529914529915,0.036332092146289574
2022-08-01,-0.10824618103448276,-0.1241699224137931,-0.10636058189655172,-0.10247864655172413,-0.09908082327586207,-0.10007718965517241,-0.08817171982758622,-0.07864293103448275,-0.06756465948275862,-0.07059867241379311,0.03764750862068965
2022-09-01,0.07507464,0.10962117777777777,0.11206894666666667,0.11173646222222222,0.09570867555555557,0.10373216888888889,0.09611166222222223,0.11001234666666666,0.10858164000000001,0.06444358222222223,-0.010631057777777772
2022-10-01,0.06899356387665198,0.05012616740088105,0.05437023684210526,0.0517694140969163,0.05101815789473684,0.029767735682819384,0.023303603524229076,0.012367543859649123,0.0020697797356828192,-0.021469872807017544,-0.09046343668366952
2022-11-01,-0.07038084513274337,-0.035567176991150445,-0.05774149115044248,-0.05043804867256637,-0.06818295575221239,-0.04892979646017699,-0.04320441592920354,-0.051040008849557526,-0.050815893805309736,-0.06294970925110133,0.0074311358816420425
2022-12-01,0.21209560538116592,0.17836907589285714,0.15139839732142857,0.12390813839285715,0.11301975,0.09032100892857142,0.07399364732142857,0.05160868749999999,0.03241177678571429,0.02682314732142857,-0.18527245805973735
2023-01-01,-0.06407749344978166,-0.03363399126637555,-0.019657493449781658,-0.016216808695652174,-0.015196873362445415,-0.00908008733624454,-0.0148462,-0.01649943231441048,-0.017850497816593886,-0.031149082608695654,0.032928410841086
2023-02-01,-0.0057267333333333335,-0.025999342222222225,-0.04714400444444444,-0.04760999111111111,-0.04086230222222222,-0.03471371555555555,-0.02289336888888889,-0.04579993777777778,-0.05687684888888889,-0.05154512831858407,-0.04581839498525074
2023-03-01,-0.03965246818181818,-0.029230787330316744,-0.03907413122171945,-0.026279864253393667,-0.01263285520361991,-0.001206556561085973,-0.005465520361990951,-0.011134257918552036,-0.01550606334841629,-0.017946443438914026,0.021706024742904156
2023-04-01,0.06358223394495413,-0.01761755707762557,-0.030484454128440367,-0.01892385388127854,-0.02487665137614679,-0.030664228310502285,-0.012588756880733944,-0.022068173515981736,-0.02152826605504587,-0.02796,-0.09154223394495413
2023-05-01,0.060247967741935485,0.08772435321100917,0.07221180733944954,0.10897782110091743,0.09257122477064221,0.08067966359447006,0.08640517889908257,0.08642116055045872,0.06963414220183486,0.05550431651376146,-0.004743651228174023
2023-06-01,0.05809169230769231,0.04361043693693693,0.054286351351351354,0.06719697747747748,0.06178941891891891,0.05495616666666667,0.048603409909909905,0.04985777477477478,0.053669166666666664,0.08114036036036036,0.023048668052668052
2023-07-01,-0.05125716444444444,-0.02692460444444444,-0.032516604444444444,-0.03397716,-0.01949468,-0.041005440000000004,-0.05120446222222222,-0.06575735555555556,-0.06377356444444444,-0.10324069333333333,-0.05198352888888889
2023-08-01,-0.05898167272727273,-0.052895727272727275,-0.04616734090909091,-0.05035241363636364,-0.04383805454545455,-0.05279380909090909,-0.06988531363636363,-0.06200065,-0.0718066409090909,-0.0822386923076923,-0.023257019580419577
2023-09-01,-0.11036494883720929,-0.09744879534883721,-0.0776227534883721,-0.0682181953488372,-0.05335466666666667,-0.05448420465116279,-0.042013111627906975,-0.03849054418604651,-0.04023691162790698,-0.04448799074074074,0.06587695809646855
2023-10-01,0.05907485238095238,0.06175407142857143,0.0768676380952381,0.07950150476190475,0.08549877619047619,0.10912386666666667,0.08400355714285715,0.12316505238095239,0.11969774285714285,0.19052670616113745,0.1314518537801851
2023-11-01,0.17739632242990652,0.1368434558139535,0.1219088,0.12986845794392524,0.12771152093023255,0.11529549302325581,0.10782238785046729,0.09678073488372092,0.09180687906976745,0.08413804186046511,-0.09325828056944141
2023-12-01,-0.07357241363636363,-0.04388871363636364,-0.056080263636363634,-0.05036261538461539,-0.039932709090909096,-0.030718354545454546,-0.016154782805429865,-0.015096427272727272,-0.0007414454545454547,0.00975426696832579,0.08332668060468942
2024-01-01,-0.0051110138248847935,0.03289529032258064,0.03978095391705069,0.04384688532110092,0.029802391705069126,0.04971351612903226,0.03826978899082569,0.048709382488479266,0.09317519815668202,0.1306783256880734,0.13578933951295818
2024-02-01,0.029124155251141554,0.02565739726027397,0.03278490410958904,0.03989694520547945,0.031097086757990867,0.03906377168949772,0.054136876712328766,0.036752831050228314,0.02830478082191781,0.023669858447488583,-0.005454296803652971
2024-03-01,-0.11640741363636364,-0.08794544090909091,-0.058697286363636365,-0.060292723981900456,-0.05365597727272728,-0.052530904545454546,-0.04399443891402715,-0.059573881818181816,-0.062010609090909094,-0.08185578280542986,0.03455163083093378
2024-04-01,0.010713967441860466,0.02878481395348837,0.028851674418604655,0.04384512093023256,0.028531632558139532,0.0456726976744186,0.023619186046511628,0.058093567441860464,0.0501913023255814,0.05659922222222222,0.04588525478036175
2024-05-01,-0.03726426146788991,-0.016959753424657532,-0.018881633027522934,-0.012682155251141554,-0.015698807339449544,-0.01818574885844749,-0.012925798165137614,-0.01410075799086758,-0.011297160550458716,-0.0017040319634703189,0.03556022950441959
2024-06-01,0.06510066976744186,0.06913125581395349,0.05780058604651162,0.07362386511627907,0.06823980555555556,0.08083613023255813,0.10010893023255815,0.09570686976744186,0.1140947488372093,0.142590875,0.07749020523255815
2024-07-01,-0.03727611764705883,-0.007964683257918553,-0.009172932126696832,-0.027395090497737556,-0.015465427927927928,-0.011304506787330316,-0.008339995475113122,0.0025256832579185515,0.0001758325791855198,0.02231303153153153,0.05958914917859036
2024-08-01,0.003681538812785389,0.0181517,0.0063862909090909095,0.02538366210045662,0.009018404545454545,0.011109031818181818,0.00904320091324201,0.008569131818181818,0.004850568181818182,-0.006724218181818181,-0.01040575699460357
2024-09-01,0.0428157899543379,0.018382365296803656,-0.0024096575342465744,-0.022049904109589045,0.004578602739726027,-0.009478333333333333,-0.008791963470319636,-0.018865972602739728,-0.027330858447488584,-0.02423377272727273,-0.06704956268161064
2024-10-01,0.11530339908256881,0.1307483256880734,0.1000324703196347,0.10268233027522936,0.11799623287671233,0.11666395412844037,0.09584527981651376,0.0827816803652968,0.07292907339449542,0.054337666666666666,-0.06096573241590215
2024-11-01,-0.08737877828054298,-0.0718294054054054,-0.05777777375565611,-0.07786048648648648,-0.07686963348416288,-0.0746638963963964,-0.06391065158371041,-0.06425295045045046,-0.0611110407239819,-0.056239031531531536,0.031139746749011446
