date,n_assets,sdf_payoff,mean_realized_return,mean_target_return,mean_expected_return,rms_pricing_error,rms_forecast_error,rms_reconstruction_error,mean_factor_effective_n,mean_abs_factor_weight,fold
2006-01-01,1841,0.9985148310661316,-0.0027304389514029026,-6.475246450143857e-10,-0.0025327494367957115,0.09665469825267792,0.09698227792978287,0.09650570899248123,1823.992919921875,0.0005431830650195479,1
2006-02-01,1849,1.001625895500183,0.035333868116140366,7.736676299607836e-10,-0.002811904065310955,0.09742109477519989,0.0973622053861618,0.09409824758768082,1829.7783203125,0.0005408328725025058,1
2006-03-01,1884,0.9993581175804138,0.0035789553076028824,-5.061965846486771e-10,-0.0035115950740873814,0.0944327712059021,0.09419427812099457,0.0945124551653862,1869.6021728515625,0.0005307855899445713,1
2006-04-01,1884,0.9944472908973694,-0.0518338643014431,2.0247863385947085e-09,-0.00365480431355536,0.088811956346035,0.08904145658016205,0.08888064324855804,1870.98046875,0.0005307855317369103,1
2006-05-01,1857,0.9998199343681335,-0.007292952388525009,-6.419455522710393e-10,-0.004392324015498161,0.09524690359830856,0.09525885432958603,0.08910006284713745,1840.99169921875,0.0005385029362514615,1
2006-06-01,1850,0.9950831532478333,-0.03443117439746857,1.0309992859447448e-09,-0.004564148839563131,0.09490086883306503,0.09498541802167892,0.09430387616157532,1828.849609375,0.0005405405536293983,1
2006-07-01,1839,1.000702977180481,0.02938614785671234,-1.2964577189578108e-09,-0.005232569295912981,0.10781092941761017,0.10825194418430328,0.09748537838459015,1823.64404296875,0.0005437738145701587,1
2006-08-01,1859,0.9983332753181458,0.014897228218615055,6.412549380385713e-10,-0.004528316203504801,0.09271372854709625,0.0928226113319397,0.08711612224578857,1836.90966796875,0.0005379235954023898,1
2006-09-01,1872,1.0032813549041748,0.05195429548621178,-4.0755314678619925e-09,-0.005101689137518406,0.11455968022346497,0.11548764258623123,0.09926460683345795,1855.78662109375,0.0005341880605556071,1
2006-10-01,1920,1.001673936843872,0.03010840341448784,-1.4901161415892261e-09,-0.004826515447348356,0.10115257650613785,0.1023014709353447,0.08991602063179016,1897.1221923828125,0.0005208333022892475,1
2006-11-01,1977,0.9976292252540588,0.004335958510637283,1.29640853607782e-09,-0.004009419120848179,0.0823010727763176,0.08255011588335037,0.07791745662689209,1956.41845703125,0.0005058168899267912,1
2006-12-01,1968,0.9997678995132446,0.0227731354534626,3.028691297757291e-09,-0.004590578842908144,0.09005235880613327,0.0901579037308693,0.0827103927731514,1941.887939453125,0.0005081300623714924,1
2007-01-01,1979,1.0004459619522095,0.0018187140813097358,-8.433198583901458e-10,-0.0007325252518057823,0.08667033910751343,0.08515042811632156,0.0838431790471077,1892.390380859375,0.0005053057102486491,2
2007-02-01,1969,0.9990547299385071,0.009296748787164688,-3.632583678303547e-10,-0.000693600915838033,0.08622923493385315,0.08529757708311081,0.08500112593173981,1863.674072265625,0.000507872027810663,2
2007-03-01,1976,1.000034213066101,0.03115045092999935,-1.2065717869269577e-10,-0.0004625860892701894,0.08605872839689255,0.08480264991521835,0.08305514603853226,1871.8173828125,0.0005060728872194886,2
2007-04-01,1998,1.0002721548080444,0.04204215481877327,-4.773144657299611e-10,-0.0003398987464606762,0.09736469388008118,0.09609339386224747,0.09544774144887924,1880.1297607421875,0.0005005004932172596,2
2007-05-01,2023,0.9999542236328125,-0.013446628116071224,-1.178539627000319e-10,-0.0005573995294980705,0.0826038271188736,0.08139374852180481,0.08022293448448181,1914.185791015625,0.0004943153471685946,2
2007-06-01,2014,0.9978743195533752,-0.054696910083293915,2.5451833973733073e-09,-0.0005628880462609231,0.1000128909945488,0.10010038316249847,0.09825891256332397,1900.188232421875,0.0004965243279002607,2
2007-07-01,1969,0.998471200466156,0.002262059599161148,3.632583678303547e-10,-0.00027664401568472385,0.10423070192337036,0.10430832952260971,0.10246562957763672,1872.7310791015625,0.000507872027810663,2
2007-08-01,1969,1.0002548694610596,0.01880885288119316,-7.265167356607094e-10,3.413078957237303e-05,0.09826599806547165,0.09735488146543503,0.09524765610694885,1855.7269287109375,0.000507872027810663,2
2007-09-01,1952,1.0002222061157227,0.021113406866788864,1.2214066424931502e-09,-3.3745021937647834e-05,0.12499459087848663,0.12445825338363647,0.12215565890073776,1857.7850341796875,0.0005122950533404946,2
2007-10-01,1954,0.9939813613891602,-0.07107286155223846,-1.9522503613700337e-09,-3.674549952847883e-05,0.10832288861274719,0.10939031094312668,0.10844927281141281,1856.0672607421875,0.0005117707187309861,2
2007-11-01,1910,0.9994813203811646,-0.006891321390867233,-1.0610250456011272e-09,-0.00011105238081654534,0.11299025267362595,0.1122422143816948,0.11100273579359055,1818.9278564453125,0.0005235602147877216,2
2007-12-01,1907,0.9974608421325684,-0.06662309914827347,4.500822825548312e-09,0.00036818129592575133,0.12809650599956512,0.12803462147712708,0.12822675704956055,1801.2296142578125,0.0005243838531896472,2
2008-01-01,1869,0.9977532625198364,-0.030473902821540833,-6.697151166967785e-10,0.00273665483109653,0.131980761885643,0.13162033259868622,0.13201218843460083,1821.255615234375,0.0005350454594008625,3
2008-02-01,1846,0.9974977374076843,-0.016097787767648697,-7.749249575361716e-10,0.0027741603553295135,0.11568143218755722,0.1159595474600792,0.1156797707080841,1796.65869140625,0.0005417118081822991,3
2008-03-01,1828,1.000420331954956,0.049805011600255966,-1.6955369330773351e-09,0.0024987375363707542,0.13367126882076263,0.13313214480876923,0.13293273746967316,1778.0604248046875,0.0005470459582284093,3
2008-04-01,1852,1.000326156616211,0.046076808124780655,2.3172432861429115e-09,0.0029833372682332993,0.12419699132442474,0.12346090376377106,0.12413656711578369,1806.5299072265625,0.0005399567889980972,3
2008-05-01,1880,0.9984384775161743,-0.09302622824907303,-3.550915117500608e-09,0.003102485788986087,0.13489390909671783,0.13476186990737915,0.13513897359371185,1820.7586669921875,0.0005319148767739534,3
2008-06-01,1814,0.9991908669471741,0.011750556528568268,-1.840055219304304e-09,0.0024566613137722015,0.15341494977474213,0.1540519893169403,0.1531781554222107,1756.247314453125,0.0005512679344974458,3
2008-07-01,1847,0.9998778104782104,0.033839281648397446,1.4844686591075629e-09,0.0022908267565071583,0.11707206070423126,0.11754994094371796,0.11677347123622894,1793.741455078125,0.0005414184997789562,3
2008-08-01,1872,0.9974790811538696,-0.10312198102474213,4.0755314678619925e-09,0.0026244365144521,0.142293319106102,0.1440897136926651,0.1422344148159027,1812.869384765625,0.0005341880605556071,3
2008-09-01,1811,0.9949583411216736,-0.22264786064624786,-1.105861979766587e-08,0.001798501587472856,0.16623449325561523,0.16775885224342346,0.16537241637706757,1764.0577392578125,0.0005521810962818563,3
2008-10-01,1625,0.995448112487793,-0.1113428846001625,-9.97690019488573e-09,0.0009004439343698323,0.1619279682636261,0.16308948397636414,0.15993256866931915,1566.246337890625,0.0006153846043162048,3
2008-11-01,1541,1.0025029182434082,0.05298733338713646,-3.0943358986235125e-09,0.0008403157698921859,0.15291857719421387,0.15237249433994293,0.1522417515516281,1497.46337890625,0.0006489292718470097,3
2008-12-01,1592,0.998157262802124,-0.08647885918617249,1.497604151801113e-09,0.001475801574997604,0.16137954592704773,0.16128644347190857,0.16123072803020477,1538.6553955078125,0.0006281406385824084,3
2009-01-01,1520,1.0005182027816772,-0.10921486467123032,-1.8822519098904422e-09,0.0020912960171699524,0.14048655331134796,0.13949324190616608,0.13887593150138855,1472.4876708984375,0.0006578947650268674,4
2009-02-01,1446,0.9987422227859497,0.09791668504476547,-1.055241316549882e-08,0.0022593368776142597,0.13521936535835266,0.13689354062080383,0.13343538343906403,1392.3720703125,0.0006915629492141306,4
2009-03-01,1504,0.9951897263526917,0.16602292656898499,-1.9022758923625815e-09,0.001692181103862822,0.1973285973072052,0.20062820613384247,0.18414676189422607,1461.3746337890625,0.0006648935959674418,4
2009-04-01,1646,0.9998689889907837,0.041144028306007385,0.0,0.0005400676745921373,0.14348562061786652,0.14528179168701172,0.1415090411901474,1596.9339599609375,0.0006075334385968745,4
2009-05-01,1672,1.0003119707107544,0.012473274022340775,1.7111381200862752e-09,0.0013231015764176846,0.1195540800690651,0.11902756989002228,0.11828386038541794,1619.0467529296875,0.0005980861023999751,4
2009-06-01,1697,1.0001482963562012,0.09507834166288376,1.6508062694597925e-09,0.0021098938304930925,0.12679509818553925,0.12869781255722046,0.12246237695217133,1643.0931396484375,0.0005892752087675035,4
2009-07-01,1772,1.0001955032348633,0.0325324647128582,-1.883668332425259e-09,0.001907231518998742,0.12157340347766876,0.12312743067741394,0.119622603058815,1731.66943359375,0.0005643340991809964,4
2009-08-01,1801,1.0011426210403442,0.06439701467752457,1.5885746051935712e-09,0.0018251375295221806,0.110460564494133,0.11263924092054367,0.10586261749267578,1760.153076171875,0.0005552470684051514,4
2009-09-01,1832,0.9991961121559143,-0.05724794790148735,3.6439520290088012e-09,0.0018416790990158916,0.09801006317138672,0.09621894359588623,0.09550046175718307,1774.758544921875,0.0005458515370264649,4
2009-10-01,1797,0.9999850988388062,0.03725394606590271,9.287312585648522e-10,0.00177206308580935,0.10730486363172531,0.10790671408176422,0.1072695404291153,1750.081298828125,0.000556482991669327,4
2009-11-01,1797,0.999893307685852,0.0713496133685112,-1.8574625171297043e-09,0.0011338491458445787,0.09150898456573486,0.09335798770189285,0.08918192982673645,1755.7525634765625,0.0005564830498769879,4
2009-12-01,1832,0.9999394416809082,-0.03322947025299072,-9.109880072522003e-10,0.0003370241611264646,0.09610296785831451,0.09671289473772049,0.09609004110097885,1791.63818359375,0.0005458515370264649,4
2010-01-01,1817,0.9995321035385132,0.044191114604473114,-2.2306636537905433e-09,0.001665786374360323,0.09373443573713303,0.09338004887104034,0.0936335101723671,1797.78466796875,0.0005503577413037419,5
2010-02-01,1833,0.9995190501213074,0.07704191654920578,5.983226802896979e-09,0.0016710577765479684,0.10896202176809311,0.1091185212135315,0.10855673253536224,1809.181640625,0.0005455537466332316,5
2010-03-01,1874,0.9996540546417236,0.0468054860830307,4.9617527864143085e-09,0.0018013634253293276,0.10109395533800125,0.1015363410115242,0.10039695352315903,1860.268798828125,0.0005336179165169597,5
2010-04-01,1917,1.000604510307312,-0.07770000398159027,-5.845421480188406e-09,0.0017590406350791454,0.08508966863155365,0.08432913571596146,0.0821458026766777,1891.8944091796875,0.0005216483841650188,5
2010-05-01,1872,1.002074956893921,-0.07177739590406418,4.7760133625729395e-09,0.0003352941130287945,0.09313762933015823,0.09264840930700302,0.08594516664743423,1852.8912353515625,0.0005341880605556071,5
2010-06-01,1801,0.9987227916717529,0.07204460352659225,-4.567151989931517e-09,0.00012092782708350569,0.09785608947277069,0.09785124659538269,0.09751493483781815,1777.7515869140625,0.0005552470684051514,5
2010-07-01,1830,1.000789761543274,-0.062625452876091,2.345100780232201e-09,0.0002840848464984447,0.10978828370571136,0.10943596810102463,0.10775196552276611,1805.489013671875,0.0005464481073431671,5
2010-08-01,1769,0.998499870300293,0.12008494138717651,-4.312829204877744e-09,0.0006721408572047949,0.09975108504295349,0.09994173049926758,0.09824840724468231,1747.746337890625,0.0005652911495417356,5
2010-09-01,1830,0.9993376135826111,0.04257254675030708,1.8239673105213683e-09,0.0005927681340835989,0.0955367237329483,0.09558609873056412,0.0955449640750885,1808.0126953125,0.0005464480491355062,5
2010-10-01,1853,0.999030590057373,0.029199128970503807,9.00663821301606e-10,0.0008742453064769506,0.09555204212665558,0.09533350169658661,0.09538721293210983,1831.9041748046875,0.0005396654014475644,5
2010-11-01,1875,0.9992193579673767,0.08057506382465363,-4.450480262097045e-10,0.0011431424645707011,0.09861864149570465,0.09953337162733078,0.09803316742181778,1849.4527587890625,0.0005333333392627537,5
2010-12-01,1934,1.0001864433288574,0.008782790042459965,-4.3147105333041225e-10,0.0013266681926324964,0.0944906696677208,0.09420283138751984,0.09415382146835327,1907.783203125,0.0005170630756765604,5
2011-01-01,1913,0.999710738658905,0.048049721866846085,1.7448301692368773e-09,-0.002813632832840085,0.10081326961517334,0.10093113780021667,0.10074268281459808,1889.1112060546875,0.0005227391375228763,6
2011-02-01,1942,1.0000338554382324,0.02258867770433426,-2.762316153592792e-09,-0.0027126704808324575,0.09155011177062988,0.09181752055883408,0.09157942980527878,1916.19921875,0.000514933024533093,6
2011-03-01,1947,1.0000790357589722,0.02603238821029663,8.571803267187761e-10,-0.0033421372063457966,0.08558595180511475,0.08566172420978546,0.08495911955833435,1922.642333984375,0.0005136106628924608,6
2011-04-01,1958,1.0001487731933594,-0.016226213425397873,1.5220797955350918e-09,-0.0035865160170942545,0.08652188628911972,0.08652295917272568,0.08534865826368332,1930.6640625,0.0005107252509333193,6
2011-05-01,1954,1.0002464056015015,-0.02236674726009369,3.050391328418556e-10,-0.003573001828044653,0.07681717723608017,0.07647739350795746,0.07524552196264267,1930.94384765625,0.0005117707187309861,6
2011-06-01,1946,1.0000128746032715,-0.038196902722120285,3.7980347755706134e-09,-0.0033925592433661222,0.09060010313987732,0.09051311016082764,0.09015076607465744,1920.889404296875,0.0005138746346347034,6
2011-07-01,1923,1.0019357204437256,-0.08764370530843735,-3.967443706898166e-09,-0.003271672874689102,0.10867871344089508,0.10790318995714188,0.1016683280467987,1898.248046875,0.0005200207815505564,6
2011-08-01,1891,1.0022239685058594,-0.10969682037830353,0.0,-0.0027081002481281757,0.10611934959888458,0.1052706390619278,0.09784463793039322,1864.923828125,0.0005288207321427763,6
2011-09-01,1811,0.9968085885047913,0.1530160754919052,5.0027089137927305e-09,-0.0013774816179648042,0.12023141235113144,0.12097727507352829,0.11686800420284271,1784.015869140625,0.0005521810962818563,6
2011-10-01,1884,1.0002143383026123,-0.00539356516674161,-2.5309829232433856e-10,-0.002787897828966379,0.1089039295911789,0.10875413566827774,0.1078617051243782,1855.281494140625,0.0005307855899445713,6
2011-11-01,1870,1.0004593133926392,0.000555381819140166,0.0,-0.003120209788903594,0.08949194103479385,0.08948495239019394,0.08795109391212463,1841.35107421875,0.0005347593687474728,6
2011-12-01,1874,0.998636782169342,0.07482197135686874,1.0177954479217988e-08,-0.0032947687432169914,0.11428876966238022,0.11548855900764465,0.11171569675207138,1847.864990234375,0.0005336179165169597,6
2012-01-01,1915,1.00039541721344,0.037280403077602386,6.598529722623425e-09,-0.00034965117811225355,0.09477829933166504,0.095756895840168,0.09408289194107056,1898.1627197265625,0.0005221932078711689,7
2012-02-01,1918,0.9999725818634033,0.024127542972564697,3.7291747467804726e-10,0.0004846354422625154,0.08320607990026474,0.08306336402893066,0.0832301527261734,1894.5712890625,0.0005213764379732311,7
2012-03-01,1927,0.9994558691978455,-0.015517398715019226,8.351455083044357e-10,0.0008814983302727342,0.08827423304319382,0.08807194977998734,0.0878237634897232,1907.73193359375,0.0005189413786865771,7
2012-04-01,1912,0.9992749691009521,-0.07521536201238632,-7.481754771276883e-09,0.0008177253766916692,0.1014973521232605,0.10086553543806076,0.09910385310649872,1899.162841796875,0.0005230125389061868,7
2012-05-01,1876,1.0003238916397095,0.03958704695105553,-4.702285227864422e-09,0.0007363178883679211,0.08732262998819351,0.08872468769550323,0.08598776906728745,1859.1142578125,0.0005330490530468524,7
2012-06-01,1905,0.9991766810417175,-0.011177321895956993,0.0,0.0002911583869718015,0.10558817535638809,0.10575573891401291,0.10557572543621063,1890.381591796875,0.0005249343812465668,7
2012-07-01,1885,1.0007747411727905,0.03549399971961975,-5.059280216990203e-10,0.0002328045229660347,0.10199109464883804,0.10283976048231125,0.1003846600651741,1874.470947265625,0.000530503923073411,7
2012-08-01,1903,1.0003353357315063,0.03197047486901283,-1.3154992650754593e-09,0.0005347865517251194,0.07545527815818787,0.0769580751657486,0.07421112060546875,1885.21533203125,0.0005254860734567046,7
2012-09-01,1917,0.9984399676322937,-0.019680220633745193,-2.1143014006241856e-09,0.0012736419448629022,0.0926913246512413,0.092576764523983,0.09253471344709396,1901.66015625,0.0005216483841650188,7
2012-10-01,1917,1.000059962272644,0.014904624782502651,3.731120135075372e-10,0.0022881340701133013,0.089319609105587,0.0901983380317688,0.08804413676261902,1899.03271484375,0.0005216483841650188,7
2012-11-01,1924,1.000573992729187,0.030941706150770187,3.71754543815328e-10,0.0016263591824099422,0.07364820688962936,0.07505562901496887,0.07087837904691696,1907.281005859375,0.0005197505233809352,7
2012-12-01,1929,1.0001460313796997,0.06313459575176239,-2.935428289330133e-10,0.0019790378864854574,0.08770719170570374,0.08867646008729935,0.0866786390542984,1914.2857666015625,0.000518403307069093,7
2013-01-01,1968,1.0001397132873535,0.01271313801407814,9.691811797551964e-10,-0.00021602693595923483,0.0885668471455574,0.0887317806482315,0.08796478062868118,1960.962890625,0.0005081300623714924,8
2013-02-01,1954,1.0000944137573242,0.046548135578632355,6.405821428856484e-10,-0.0003999585460405797,0.07770977169275284,0.07790481299161911,0.07692991197109222,1946.165771484375,0.0005117707187309861,8
2013-03-01,1975,1.0001457929611206,0.0006653429591096938,-1.2071826871462576e-10,-0.0003746438887901604,0.08979399502277374,0.09017359465360641,0.08944889158010483,1967.448486328125,0.0005063291173428297,8
2013-04-01,2005,0.9989293813705444,0.04605453461408615,2.1998722843363794e-09,-0.0002677096053957939,0.0983765572309494,0.09845033288002014,0.09808196127414703,1996.05322265625,0.0004987530992366374,8
2013-05-01,2042,0.9998546838760376,-0.0020696092396974564,-1.0508164338673964e-09,-0.00034106054226867855,0.08124098926782608,0.08169207721948624,0.08085351437330246,2034.654541015625,0.0004897159524261951,8
2013-06-01,2045,0.9993181228637695,0.06907444447278976,2.6814803710806245e-09,-0.0002407966530881822,0.09324423223733902,0.09352906793355942,0.09311889111995697,2040.1146240234375,0.0004889975534752011,8
2013-07-01,2103,0.9999692440032959,-0.02643217332661152,6.235388316788715e-10,-0.00026766714290715754,0.08673296868801117,0.08678184449672699,0.08674019575119019,2094.119140625,0.0004755111876875162,8
2013-08-01,2093,0.9995281100273132,0.058881036937236786,-1.594773091362356e-09,0.0004019712214358151,0.08657174557447433,0.08676623553037643,0.08656755834817886,2079.28955078125,0.0004777830617967993,8
2013-09-01,2110,1.0005121231079102,0.028630467131733894,6.779675154611198e-10,7.698733679717407e-05,0.10132819414138794,0.10077141970396042,0.1000635027885437,2094.57470703125,0.0004739336436614394,8
2013-10-01,2113,0.9997258186340332,0.038977764546871185,-2.708019808395079e-09,-0.00010946849943138659,0.09225967526435852,0.09258680790662766,0.09220527857542038,2106.521484375,0.00047326076310127974,8
2013-11-01,2139,0.9999806880950928,0.02668144553899765,-2.229252754615274e-10,-0.0002731630811467767,0.07997848838567734,0.08016972243785858,0.08011546730995178,2131.21435546875,0.0004675081872846931,8
2013-12-01,2161,0.9996289014816284,-0.029738768935203552,2.9236892906681078e-09,-4.1561426769476384e-05,0.10036011040210724,0.10105911642313004,0.10034506022930145,2152.180908203125,0.00046274872147478163,8
2014-01-01,2145,1.0002256631851196,0.049446236342191696,-3.8902797649953413e-10,0.0010371367679908872,0.09797309339046478,0.09858690947294235,0.09635167568922043,2128.723876953125,0.0004662004648707807,9
2014-02-01,2183,0.999434769153595,-0.0019072031136602163,-9.283361857015393e-10,-0.001106443116441369,0.08568805456161499,0.0850500762462616,0.08493863046169281,2160.289306640625,0.000458085210993886,9
2014-03-01,2168,0.9992145895957947,-0.03177629038691521,-3.519093461079592e-09,-0.0010906602256000042,0.09031026065349579,0.0899529680609703,0.08876872062683105,2138.267333984375,0.00046125458902679384,9
2014-04-01,2162,0.9997773766517639,0.009639309719204903,3.308305851490445e-10,-0.0007260464481078088,0.09118430316448212,0.09146817773580551,0.09119383245706558,2138.95263671875,0.0004625346919056028,9
2014-05-01,2152,1.0000991821289062,0.05132026970386505,2.4927593322843222e-09,-0.001224144478328526,0.10142003744840622,0.10271155834197998,0.09829290956258774,2134.091796875,0.0004646840097848326,9
2014-06-01,2185,0.9998221397399902,-0.05188153311610222,8.729284517450253e-10,-0.0013967318227514625,0.09686125069856644,0.09647957235574722,0.09579156339168549,2160.73388671875,0.00045766591210849583,9
2014-07-01,2162,1.0001497268676758,0.048915889114141464,2.205537280586256e-10,0.0005125387106090784,0.0896211713552475,0.09027635306119919,0.08817929029464722,2141.92041015625,0.0004625346336979419,9
2014-08-01,2189,0.9996114373207092,-0.047805704176425934,-6.534999763552207e-10,-0.0014869075966998935,0.0905909389257431,0.09053689986467361,0.08993645012378693,2162.29150390625,0.0004568296135403216,9
2014-09-01,2154,0.9999213218688965,0.04862349107861519,-1.7709829158718549e-09,0.0007022327044978738,0.12300888448953629,0.12308090925216675,0.12312760949134827,2133.084716796875,0.0004642525454983115,9
2014-10-01,2168,0.9990407228469849,0.00582052581012249,-4.39886682634949e-10,1.7020809536916204e-05,0.09555424749851227,0.09562215954065323,0.0956401526927948,2144.6298828125,0.0004612546181306243,9
2014-11-01,2161,0.9997774958610535,0.019550912082195282,1.7652462824813142e-09,-0.0007603385602124035,0.09238840639591217,0.09252868592739105,0.09249138087034225,2141.283935546875,0.0004627486923709512,9
2014-12-01,2167,0.99944669008255,-0.040696971118450165,1.2102465696273157e-09,0.0007455965969711542,0.10369856655597687,0.10416928678750992,0.10344389081001282,2143.90771484375,0.0004614674544427544,9
2015-01-01,2118,1.0008214712142944,0.0703122541308403,3.827304695391831e-09,0.0015498327556997538,0.09961669147014618,0.10001002252101898,0.0964331328868866,2106.81103515625,0.00047214352525770664,10
2015-02-01,2148,0.9995996952056885,0.0069059995003044605,-1.415194073040027e-09,0.001492269802838564,0.0891980528831482,0.08941727876663208,0.08850781619548798,2136.61767578125,0.00046554935397580266,10
2015-03-01,2158,1.0004595518112183,-0.008512572385370731,-2.209625399318682e-10,0.0012600953923538327,0.09679332375526428,0.09717961400747299,0.09507639706134796,2145.9140625,0.0004633920325431973,10
2015-04-01,2179,1.0004408359527588,0.01822582259774208,1.6412476933069797e-09,0.0009144346113316715,0.104697085916996,0.10502186417579651,0.10366881638765335,2166.844970703125,0.0004589261079672724,10
2015-05-01,2183,1.0002424716949463,0.00043428156641311944,1.5290243515764246e-09,0.0012481221929192543,0.08969990909099579,0.08981802314519882,0.08943028002977371,2164.429443359375,0.000458085210993886,10
2015-06-01,2181,0.9985709190368652,-0.015053078532218933,6.558970588876889e-10,0.001124493544921279,0.1099272295832634,0.11006632447242737,0.1086316928267479,2163.16162109375,0.0004585052374750376,10
2015-07-01,2160,0.9983184933662415,-0.059555619955062866,-4.415158794124352e-10,0.0026325054932385683,0.09858593344688416,0.09814329445362091,0.09841683506965637,2140.150146484375,0.00046296295477077365,10
2015-08-01,2165,0.9896488189697266,-0.05695318058133125,3.08347347655058e-09,0.0013588840374723077,0.09820912778377533,0.09781679511070251,0.09969278424978256,2154.378662109375,0.00046189382555894554,10
2015-09-01,2106,1.0003949403762817,0.0624251626431942,3.962322137063268e-10,0.003221004270017147,0.12711618840694427,0.12742431461811066,0.12380026280879974,2093.877197265625,0.00047483379603363574,10
2015-10-01,2132,1.0022649765014648,0.02690558135509491,8.387145145061226e-11,0.001312359469011426,0.12421092391014099,0.12519043684005737,0.11885515600442886,2112.73388671875,0.00046904321061447263,10
2015-11-01,2190,0.9992149472236633,-0.04324357584118843,8.709354348823695e-10,0.0010756845586001873,0.09903039038181305,0.09930828958749771,0.09924039244651794,2165.427734375,0.00045662105549126863,10
2015-12-01,2190,0.9977869391441345,-0.08983660489320755,-7.076350616586069e-09,0.0005926670855842531,0.11456211656332016,0.11324203014373779,0.1080843061208725,2171.03271484375,0.00045662105549126863,10
2016-01-01,2111,1.000091552734375,0.006769102066755295,-1.1294105650705433e-09,-0.0012262031668797135,0.11615196615457535,0.11586691439151764,0.11553911864757538,2085.77490234375,0.0004737091949209571,11
2016-02-01,2105,0.9992625713348389,0.0815771222114563,1.9254706717930503e-09,-0.0012865564785897732,0.10444886982440948,0.10487045347690582,0.1040964126586914,2075.93603515625,0.0004750593798235059,11
2016-03-01,2126,0.9991989135742188,0.025211062282323837,8.971536291646487e-10,-0.002004105132073164,0.09997456520795822,0.1010792925953865,0.0977661982178688,2096.49072265625,0.00047036688192747533,11
2016-04-01,2152,1.0003269910812378,0.014235030859708786,1.0524984217497035e-09,-0.0027096904814243317,0.10336567461490631,0.10397782176733017,0.10299091041088104,2128.154296875,0.0004646840097848326,11
2016-05-01,2157,1.0000478029251099,-0.007714064326137304,-1.3263898868132173e-09,-0.0006782584241591394,0.10318402200937271,0.10334686934947968,0.10272931307554245,2126.186767578125,0.0004636068479157984,11
2016-06-01,2145,0.9997119307518005,0.056372690945863724,1.3338102844429045e-09,-3.349509643157944e-05,0.09181046485900879,0.09202861785888672,0.08967164158821106,2124.629150390625,0.0004662004648707807,11
2016-07-01,2166,0.9999312162399292,0.016398543491959572,-2.751830430192115e-10,-0.0009001330472528934,0.10597316920757294,0.1063467264175415,0.10566643625497818,2143.830322265625,0.00046168052358552814,11
2016-08-01,2163,0.999669075012207,0.014001930132508278,-7.715811878306056e-10,-0.00167239794973284,0.09137733280658722,0.09226366132497787,0.08937536925077438,2135.3330078125,0.00046232083695940673,11
2016-09-01,2182,1.000327706336975,-0.04354848340153694,-1.966789398011315e-09,-0.0007247048779390752,0.08954858779907227,0.08905471116304398,0.08379876613616943,2159.90625,0.0004582951369229704,11
2016-10-01,2142,0.9995822906494141,0.10083264112472534,4.897487304589276e-09,-0.0021761597599834204,0.1336105912923813,0.13359220325946808,0.1331535428762436,2115.09033203125,0.0004668534093070775,11
2016-11-01,2178,0.9997075796127319,0.021683918312191963,-1.9704013975996304e-09,0.0007099339854903519,0.08922524005174637,0.08919777721166611,0.08918707072734833,2146.833984375,0.00045913681969977915,11
2016-12-01,2179,1.0000678300857544,0.00957319512963295,1.2582899167057349e-09,-0.00036281815846450627,0.09098999202251434,0.09143097698688507,0.09039891511201859,2146.955078125,0.00045892607886344194,11
2017-01-01,2162,0.999832808971405,0.02135855332016945,9.924917554471335e-10,-0.0030346440616995096,0.097805455327034,0.09858257323503494,0.09723863750696182,2137.16162109375,0.0004625346919056028,12
2017-02-01,2162,1.000016450881958,0.0035355945583432913,-1.3508916207882748e-09,-0.002927925670519471,0.09021437168121338,0.09065772593021393,0.0899006649851799,2135.0654296875,0.0004625346919056028,12
2017-03-01,2159,0.9998639225959778,0.01334382500499487,-2.2086019124678558e-10,-0.002448857296258211,0.09923956543207169,0.09946249425411224,0.09932385385036469,2130.976806640625,0.00046317739179357886,12
2017-04-01,2156,0.9992139339447021,-0.01185687631368637,4.4233502971557925e-10,-0.002445633290335536,0.1080097183585167,0.10811877995729446,0.10811471194028854,2133.103759765625,0.00046382189611904323,12
2017-05-01,2135,1.0006262063980103,0.03181976452469826,-1.3400576204247727e-09,-0.0029385718517005444,0.08948184549808502,0.0904725193977356,0.08657853305339813,2110.684326171875,0.00046838403795845807,12
2017-06-01,2156,0.99985271692276,0.007882475852966309,-5.5291878714447407e-11,-0.0026207754854112864,0.08230356872081757,0.08267901837825775,0.08129002898931503,2133.52734375,0.00046382189611904323,12
2017-07-01,2154,0.9999163150787354,-0.011291670612990856,3.320592967259728e-10,-0.003041427116841078,0.11287207901477814,0.1133648082613945,0.11188987642526627,2130.9521484375,0.00046425251639448106,12
2017-08-01,2120,1.0011208057403564,0.06072040647268295,-2.9240014853826324e-09,-0.002609456656500697,0.10937295109033585,0.10992693156003952,0.10639115422964096,2089.423828125,0.0004716981202363968,12
2017-09-01,2134,0.9975729584693909,0.007630189880728722,4.4689518752250024e-10,-0.00270718801766634,0.09131556749343872,0.09142202138900757,0.09118436276912689,2105.12060546875,0.0004686035681515932,12
2017-10-01,2117,1.0002166032791138,0.03593664616346359,0.0,-0.0028851847164332867,0.11306559294462204,0.11320564150810242,0.11286791414022446,2092.94775390625,0.0004723665479104966,12
2017-11-01,2132,1.0002145767211914,0.006222504656761885,2.2365720386829935e-10,-0.002813937608152628,0.08840432018041611,0.08878768980503082,0.08736099302768707,2115.77099609375,0.0004690431524068117,12
2017-12-01,2135,0.9997067451477051,0.03331838548183441,-5.583573048362211e-10,-0.0033501985017210245,0.1062765121459961,0.10660123825073242,0.10578110069036484,2114.1162109375,0.00046838412526994944,12
2018-01-01,2138,0.9996118545532227,-0.03495199978351593,-3.1224136609608877e-09,-0.0024429161567240953,0.09950132668018341,0.09977506846189499,0.09944779425859451,2128.75537109375,0.00046772684436291456,13
2018-02-01,2121,0.9999988675117493,0.003972822334617376,-6.744514391421319e-10,0.0008853686740621924,0.09231448918581009,0.0921444445848465,0.0922507792711258,2111.56298828125,0.00047147570876404643,13
2018-03-01,2110,1.0000782012939453,0.008860224857926369,-1.1299459146130175e-09,0.0006299995584413409,0.09285588562488556,0.09322452545166016,0.09268209338188171,2101.1640625,0.00047393361455760896,13
2018-04-01,2136,1.000657558441162,0.05113014951348305,-3.348575638995044e-09,0.00014433420437853783,0.11957782506942749,0.12019156664609909,0.11631479114294052,2119.94873046875,0.00046816476969979703,13
2018-05-01,2157,0.9998933672904968,0.011067323386669159,4.973961797993809e-10,-0.001574373571202159,0.09399423748254776,0.09405268728733063,0.09410064667463303,2143.05078125,0.0004636068479157984,13
2018-06-01,2171,1.0002866983413696,0.01890944503247738,5.490985097167389e-11,-0.00028566489345394075,0.09122151136398315,0.09100505709648132,0.09038321673870087,2157.27783203125,0.0004606171860359609,13
2018-07-01,2177,1.0000325441360474,0.04040815308690071,-1.314204411961839e-09,-0.0004863264912273735,0.12330836802721024,0.12356699258089066,0.1221342533826828,2165.385009765625,0.0004593477351590991,13
2018-08-01,2195,1.0004154443740845,-0.01917101815342903,-2.063759829695755e-09,-0.002130711218342185,0.09336067736148834,0.09315060079097748,0.09253370016813278,2185.54931640625,0.0004555808554869145,13
2018-09-01,2183,1.000166893005371,-0.10275469720363617,6.552961506756105e-10,-0.00048567255726084113,0.10638014227151871,0.1057644635438919,0.10247873514890671,2171.4814453125,0.000458085210993886,13
2018-10-01,2132,0.9990355968475342,0.014288216829299927,0.0,0.000937878736294806,0.11397742480039597,0.11411814391613007,0.1138995960354805,2116.92626953125,0.0004690431524068117,13
2018-11-01,2117,0.999960720539093,-0.1153428927063942,-5.405806025038373e-09,-3.341211413498968e-05,0.09002377837896347,0.08952309936285019,0.08849551528692245,2103.029296875,0.0004723665479104966,13
2018-12-01,2049,0.9996947646141052,0.114534392952919,3.374396762012566e-09,-0.0002399738586973399,0.10762705653905869,0.10849206149578094,0.10408823192119598,2032.3817138671875,0.00048804294783622026,13
2019-01-01,2081,0.9994056224822998,0.053513433784246445,5.041046247100667e-09,-0.0005988728953525424,0.1079842820763588,0.10843658447265625,0.10800638794898987,2054.590576171875,0.00048053820501081645,14
2019-02-01,2099,1.0000040531158447,-0.018360884860157967,0.0,9.788987517822534e-05,0.09314461052417755,0.09341773390769958,0.09305567294359207,2073.55810546875,0.0004764173354487866,14
2019-03-01,2081,0.9998854398727417,0.03658472001552582,1.603969290719931e-09,0.0005793383461423218,0.09004020690917969,0.08968900144100189,0.08956620842218399,2052.01025390625,0.00048053820501081645,14
2019-04-01,2092,0.9997205138206482,-0.08168203383684158,7.977676852455318e-10,-0.0001748798240441829,0.11693945527076721,0.11699362099170685,0.11601395905017853,2070.826904296875,0.0004780114395543933,14
2019-05-01,2047,1.0000519752502441,0.07660581916570663,2.3294439710497272e-09,0.0003743738343473524,0.09941346198320389,0.09968245029449463,0.09841212630271912,2026.68359375,0.0004885197849944234,14
2019-06-01,2068,1.0002164840698242,0.006221080664545298,-2.305789031931127e-10,-0.0004960257210768759,0.10054855793714523,0.10031753033399582,0.09918159991502762,2049.43798828125,0.0004835590079892427,14
2019-07-01,2071,1.0002461671829224,-0.05320465564727783,8.05857103269858e-10,1.6845953723532148e-05,0.1305849552154541,0.1305713653564453,0.1289353370666504,2045.27880859375,0.00048285853699781,14
2019-08-01,2036,1.0000172853469849,0.024114325642585754,1.4052176089407453e-09,0.0004156285722274333,0.10868317633867264,0.10819444060325623,0.10830184072256088,2014.7152099609375,0.0004911591531708837,14
2019-09-01,2043,1.000096321105957,0.018071990460157394,-9.33601862485034e-10,-0.0013810882810503244,0.10972841084003448,0.11014071851968765,0.109400674700737,2024.232177734375,0.0004894762532785535,14
2019-10-01,2049,0.9998799562454224,0.046715784817934036,4.188906110869084e-09,0.00048015007632784545,0.1348133683204651,0.13552382588386536,0.1333777904510498,2027.84326171875,0.0004880429187323898,14
2019-11-01,2045,0.9992597699165344,0.03631110116839409,3.2644109637658403e-09,-0.0004450384876690805,0.1417718529701233,0.14249853789806366,0.14059145748615265,2027.185302734375,0.0004889975534752011,14
2019-12-01,2057,1.0000687837600708,-0.032012712210416794,-2.781743280166893e-09,-0.0009993542917072773,0.1106383353471756,0.11054453998804092,0.10903497040271759,2033.298828125,0.000486144854221493,14
2020-01-01,2047,0.9999716877937317,-0.08372142165899277,2.3294439710497272e-09,0.0006421272992156446,0.11504773050546646,0.11574345082044601,0.11477522552013397,2033.914794921875,0.0004885197849944234,15
2020-02-01,2015,0.9999381303787231,-0.21629320085048676,1.2305474861307175e-08,-0.0009021035511977971,0.18156863749027252,0.1814715564250946,0.17728941142559052,1997.86328125,0.000496277934871614,15
2020-03-01,1877,0.9987822771072388,0.16460846364498138,8.383391758570724e-09,-0.0015167833771556616,0.1635558307170868,0.16431687772274017,0.1540180742740631,1866.130859375,0.0005327650578692555,15
2020-04-01,1955,0.9993816614151001,0.07544561475515366,-6.341568159484723e-09,-0.0030219086911529303,0.16136395931243896,0.1621578335762024,0.16111236810684204,1935.79150390625,0.0005115089588798583,15
2020-05-01,1983,0.9988526105880737,0.032821327447891235,-7.213875052869412e-10,-0.002535610692575574,0.12256526947021484,0.12324472516775131,0.12024296075105667,1974.6688232421875,0.0005042864358983934,15
2020-06-01,2004,1.0000128746032715,0.0360105000436306,-2.9742837082125106e-09,-0.0018624545773491263,0.14287105202674866,0.14293666183948517,0.1424330472946167,1996.47607421875,0.0004990019951947033,15
2020-07-01,2023,0.9992868304252625,0.055086854845285416,1.6499556165783247e-09,-0.0025527188554406166,0.1441688984632492,0.1444845348596573,0.1434478759765625,2013.638671875,0.0004943153471685946,15
2020-08-01,2067,1.000098705291748,-0.03264084830880165,6.920713446767479e-10,-0.0018836682429537177,0.11774645000696182,0.11816837638616562,0.11761589348316193,2055.57861328125,0.0004837929445784539,15
2020-09-01,2070,0.9998816251754761,0.015821339562535286,2.303561119632036e-09,-0.0017952994676306844,0.12489568442106247,0.12459063529968262,0.12485247105360031,2062.7138671875,0.00048309177509509027,15
2020-10-01,2081,0.9997265934944153,0.1791730523109436,6.415877162879724e-09,-0.0009366509038954973,0.1932266354560852,0.1940135508775711,0.18315595388412476,2070.30615234375,0.00048053820501081645,15
2020-11-01,2188,1.0001088380813599,0.07775912433862686,-3.0510605153466486e-09,-0.0012474757386371493,0.14661605656147003,0.14692164957523346,0.14604510366916656,2173.20361328125,0.0004570384044200182,15
2020-12-01,2228,0.9977533221244812,0.0499759241938591,-1.2841215868419908e-09,0.00013307607150636613,0.38308700919151306,0.3836204707622528,0.3782159984111786,2217.851318359375,0.000448833015980199,15
2021-01-01,2302,1.0001025199890137,0.071707583963871,-1.0771299407963397e-08,-0.0009701176313683391,0.16266773641109467,0.16228055953979492,0.16187560558319092,2296.64697265625,0.0004344048793427646,16
2021-02-01,2369,1.000070571899414,0.022268449887633324,-1.6102563726860808e-09,-0.0013447778765112162,0.13893507421016693,0.13809111714363098,0.13687467575073242,2364.830078125,0.00042211904656141996,16
2021-03-01,2405,0.9997267127037048,0.024565324187278748,1.9826909558595673e-10,-0.0006652102456428111,0.10823961347341537,0.10738010704517365,0.10726019740104675,2396.28759765625,0.00041580043034628034,16
2021-04-01,2428,1.000040888786316,0.006692109629511833,-7.855636696696422e-10,-0.00138303532730788,0.11698997020721436,0.11636313796043396,0.11684774607419968,2417.375244140625,0.00041186160524375737,16
2021-05-01,2454,1.0021507740020752,0.019470220431685448,7.772406607209348e-10,0.00040861661545932293,0.13005724549293518,0.13161340355873108,0.122514508664608,2447.699462890625,0.00040749795152805746,16
2021-06-01,2494,1.0003466606140137,-0.034258514642715454,-1.5295498201339797e-09,-0.002525096759200096,0.11712895333766937,0.11514826864004135,0.10822252929210663,2485.33251953125,0.00040096230804920197,16
2021-07-01,2486,0.9999906420707703,0.02206682600080967,-1.822185402566845e-09,-0.00026964209973812103,0.12411762773990631,0.1248171404004097,0.12368141859769821,2476.40869140625,0.00040225262637250125,16
2021-08-01,2541,0.9999647736549377,-0.032711610198020935,1.8765727860525772e-10,-0.0005778365884907544,0.10872185975313187,0.10850438475608826,0.10881497710943222,2537.47607421875,0.00039354583714157343,16
2021-09-01,2539,0.9994468092918396,0.03666205704212189,-1.1268306288059193e-09,0.0009153545834124088,0.12523318827152252,0.12467596679925919,0.1252761036157608,2535.82421875,0.00039385585114359856,16
2021-10-01,2548,0.999311089515686,-0.047963064163923264,2.2457009585252763e-09,-0.00019866116053890437,0.136941596865654,0.1363356113433838,0.13553933799266815,2541.962158203125,0.0003924646880477667,16
2021-11-01,2515,0.995812177658081,0.019495753571391106,-3.0335565170958034e-09,0.0019649015739560127,0.12409279495477676,0.12251760065555573,0.11967681348323822,2504.09814453125,0.00039761431980878115,16
2021-12-01,2504,0.9972813725471497,-0.09197817742824554,1.523441373052492e-09,0.0007390736718662083,0.12302561849355698,0.1214727908372879,0.11592008173465729,2492.28857421875,0.0003993610152974725,16
2022-01-01,2425,1.0000590085983276,0.0028796051628887653,0.0,0.005640880204737186,0.13234946131706238,0.13276419043540955,0.127877876162529,2419.13916015625,0.0004123711260035634,17
2022-02-01,2423,1.0002942085266113,0.0083707794547081,-4.919904483813298e-10,0.0036292255390435457,0.13223543763160706,0.1328325867652893,0.13038788735866547,2415.71630859375,0.0004127114953007549,17
2022-03-01,2443,0.9959239959716797,-0.10002509504556656,-7.026662807163575e-09,0.0033214918803423643,0.11194806545972824,0.11133667826652527,0.10716486722230911,2435.4619140625,0.0004093327734153718,17
2022-04-01,2373,0.9955115914344788,-0.0070320358499884605,8.037709942065874e-10,0.004741773009300232,0.1352555900812149,0.13507050275802612,0.13533589243888855,2364.080078125,0.0004214074870105833,17
2022-05-01,2353,0.9989168047904968,-0.08705700188875198,4.306327738845539e-09,0.002545266645029187,0.14062918722629547,0.1409451961517334,0.1406431943178177,2345.25927734375,0.00042498938273638487,17
2022-06-01,2270,1.0017720460891724,0.10438599437475204,4.2012085477161065e-10,0.0020845055114477873,0.13380473852157593,0.13422462344169617,0.1266547590494156,2259.65673828125,0.0004405286454129964,17
2022-07-01,2333,1.0015161037445068,-0.01792723499238491,-1.6351038301110066e-09,0.002557816682383418,0.14338092505931854,0.14432373642921448,0.13821232318878174,2326.640625,0.0004286326584406197,17
2022-08-01,2320,0.9993664026260376,-0.09453913569450378,-4.213431825661473e-09,0.0025606369599699974,0.11170344799757004,0.1121443510055542,0.11159214377403259,2311.343994140625,0.0004310344811528921,17
2022-09-01,2250,0.9995180368423462,0.09870913624763489,-5.933973312721719e-09,0.001837281510233879,0.14002136886119843,0.13972853124141693,0.1400684118270874,2239.392822265625,0.00044444442028179765,17
2022-10-01,2274,0.9975414872169495,0.03221727907657623,-8.387636696305378e-10,0.0030224593356251717,0.14274396002292633,0.14230644702911377,0.1425328105688095,2266.612060546875,0.0004397537268232554,17
2022-11-01,2261,0.9992561936378479,-0.053929027169942856,2.425310619003085e-09,0.005094077903777361,0.1333702802658081,0.13380694389343262,0.13253110647201538,2252.8984375,0.0004422821803018451,17
2022-12-01,2239,1.0024820566177368,0.10534726828336716,-1.2778128555268609e-09,0.002739958232268691,0.1426713913679123,0.14292722940444946,0.13034415245056152,2232.58251953125,0.00044662796426564455,17
2023-01-01,2293,0.9963653087615967,-0.023816760629415512,1.4556738037185823e-09,0.0003599041374400258,0.10669108480215073,0.10701771825551987,0.10159213840961456,2280.94580078125,0.00043610986904241145,18
2023-02-01,2251,1.0001360177993774,-0.037923190742731094,-1.5622718674279668e-09,-0.0013419109163805842,0.14686788618564606,0.14688794314861298,0.14682398736476898,2234.9658203125,0.0004442470089998096,18
2023-03-01,2209,0.9991902709007263,-0.019803913310170174,-8.094790948653952e-10,-0.00026234344113618135,0.10103963315486908,0.10149750858545303,0.10088352859020233,2203.6484375,0.0004526935808826238,18
2023-04-01,2185,1.000253677368164,-0.014333871193230152,1.7458569034900506e-09,-0.0014935443177819252,0.15027901530265808,0.15034271776676178,0.14739763736724854,2180.77392578125,0.00045766591210849583,18
2023-05-01,2178,1.0000017881393433,0.08004655689001083,-2.4082684735304838e-09,-0.0003104075149167329,0.12067737430334091,0.12051323056221008,0.12074784934520721,2171.98046875,0.00045913681969977915,18
2023-06-01,2219,1.0011733770370483,0.05731982737779617,8.595532619004587e-10,-0.0003268417785875499,0.11697795987129211,0.11731309443712234,0.11376375705003738,2212.006591796875,0.00045065346057526767,18
2023-07-01,2250,0.9996499419212341,-0.04891517385840416,2.119276309997531e-09,-0.0010304332245141268,0.12808705866336823,0.1278693974018097,0.12547148764133453,2242.77587890625,0.0004444444493856281,18
2023-08-01,2201,1.0007250308990479,-0.05910654366016388,-2.5997481944983747e-09,-0.0021600271575152874,0.09567508101463318,0.09586936980485916,0.09218897670507431,2194.775146484375,0.0004543389368336648,18
2023-09-01,2152,1.0018701553344727,-0.06265943497419357,2.6589432877699437e-09,-0.002512389561161399,0.11169090121984482,0.11190010607242584,0.10353611409664154,2142.3818359375,0.0004646840097848326,18
2023-10-01,2101,0.9976789355278015,0.09896497428417206,-4.539144615733903e-09,-0.003436412662267685,0.14053452014923096,0.14059272408485413,0.13997042179107666,2096.3623046875,0.0004759638977702707,18
2023-11-01,2147,0.9927005767822266,0.11893009394407272,7.1070278551133015e-09,-0.006176412105560303,0.12710866332054138,0.127885639667511,0.12489495426416397,2141.3349609375,0.0004657661775127053,18
2023-12-01,2203,0.999418318271637,-0.031661972403526306,4.2207557449103206e-09,-0.00029736754368059337,0.11734651774168015,0.11771155148744583,0.11613543331623077,2197.888916015625,0.00045392647734843194,18
2024-01-01,2173,1.0003858804702759,0.050204724073410034,2.6332471758649945e-09,-0.0002807255368679762,0.18005900084972382,0.18118110299110413,0.1781579554080963,2164.0166015625,0.0004601932887453586,19
2024-02-01,2190,0.9996306896209717,0.034048859030008316,1.741870869764739e-09,-0.000699706666637212,0.11124114692211151,0.11092813313007355,0.11080601811408997,2182.7412109375,0.0004566209972836077,19
2024-03-01,2203,0.9978711605072021,-0.06768874824047089,2.1644901426753904e-09,9.431180660612881e-05,0.10015176236629486,0.0996672734618187,0.10000988095998764,2191.100830078125,0.0004539264482446015,19
2024-04-01,2151,1.0003918409347534,0.03749920055270195,1.9951345020530198e-09,0.0003322103002574295,0.1411987990140915,0.14157626032829285,0.14056949317455292,2146.353515625,0.0004649000184144825,19
2024-05-01,2185,0.9995070695877075,-0.015962589532136917,1.0366024705277255e-09,-0.0003260589437559247,0.10327491909265518,0.10336606204509735,0.10332029312849045,2177.10546875,0.00045766591210849583,19
2024-06-01,2152,1.0009781122207642,0.08674073964357376,6.204201152826272e-09,1.4517719137074891e-05,0.1229696199297905,0.12393223494291306,0.12126652151346207,2143.64306640625,0.0004646840097848326,19
2024-07-01,2212,0.9983319044113159,-0.009179016575217247,4.850287393942665e-10,0.00014711030235048383,0.11600601673126221,0.11606264859437943,0.1161479651927948,2205.804443359375,0.0004520795482676476,19
2024-08-01,2197,0.9998418688774109,0.008941803127527237,1.1937206778611653e-09,-0.0016361683374270797,0.10045265406370163,0.1004566103219986,0.10050444304943085,2187.7197265625,0.00045516612590290606,19
2024-09-01,2191,1.000296950340271,-0.0047472682781517506,4.352689597642012e-10,-0.0009212903096340597,0.13796423375606537,0.13908515870571136,0.13691730797290802,2184.92041015625,0.00045641258475370705,19
2024-10-01,2184,1.0008866786956787,0.09891346842050552,-6.986625056271123e-09,-0.00037398634594865143,0.16890615224838257,0.16891202330589294,0.1679496318101883,2173.503662109375,0.0004578754596877843,19
2024-11-01,2215,0.9999950528144836,-0.06918887048959732,-4.090250804722473e-09,-0.0007202911656349897,0.11249219626188278,0.11244624108076096,0.11266383528709412,2206.64404296875,0.00045146726188249886,19
