date,feature,integrated_gradient
2024-01-01,mean_iv,-0.0010056786704808474
2024-01-01,atm_iv,-0.00045418317313306034
2024-01-01,put_call_iv_spread,9.288980072597042e-05
2024-01-01,median_spread_pct,-0.000271040596999228
2024-01-01,n_contracts,0.00021009863121435046
2024-01-01,surface_ae_01,-0.0005614175461232662
2024-01-01,surface_ae_02,7.377180736511946e-06
2024-01-01,surface_ae_03,5.2703773690154776e-05
2024-01-01,surface_ae_04,-0.00014518562238663435
2024-01-01,surface_ae_05,-6.556936568813398e-05
2024-01-01,surface_ae_06,-0.00012052849342580885
2024-01-01,surface_ae_07,-0.0003551471745595336
2024-01-01,surface_ae_08,0.00010082294465973973
2024-01-01,surface_ae_09,0.0003693356120493263
2024-01-01,surface_ae_10,0.00010191988258156925
2024-01-01,surface_ae_11,-0.00012295844499021769
2024-01-01,surface_ae_12,-0.0006229096907190979
2024-01-01,market_equity,0.00010040907363872975
2024-01-01,log_market_equity,7.552701572421938e-05
2024-01-01,turnover,-9.021502773975953e-05
2024-01-01,log_dollar_volume,2.8250511604710482e-05
2024-01-01,short_reversal,1.3193812264944427e-05
2024-01-01,momentum_12_2,-2.716880953812506e-05
2024-01-01,momentum_6_1,0.0001355851854896173
2024-01-01,momentum_36_13,-0.00012919197615701705
2024-01-01,realized_vol_12m,0.0002801735245157033
2024-01-01,amihud_illiq_12m,-1.7479505913797766e-06
2024-01-01,max_ret_12m,2.6782339773490094e-05
2024-01-01,ret_skew_12m,4.2300169297959656e-05
2024-01-01,zero_volume_12m,0.0
2024-01-01,price,0.0002282882487634197
2024-01-01,book_to_market_comp,3.7630270526278764e-05
2024-01-01,gross_profitability,6.891542579978704e-05
2024-01-01,operating_profitability,-4.337716018198989e-05
2024-01-01,roe,5.0994905905099586e-05
2024-01-01,leverage,-7.604148777318187e-06
2024-01-01,capex_at,-6.431240763049573e-05
2024-01-01,accruals_at,-2.3336797312367707e-05
2024-01-01,cashflow_accruals_at,-0.00013851899711880833
2024-01-01,investment,-3.3456413802923635e-05
2024-01-01,asset_growth,-6.85191189404577e-05
2024-01-01,sales_growth,-2.3601283828611486e-05
2024-01-01,cash_at,0.00045629782835021615
2024-01-01,cashflow_at,-0.0003216656914446503
2024-01-01,net_working_capital_at,6.787491292925552e-05
2024-01-01,profit_margin,7.997549255378544e-05
2024-01-01,sales_at,-4.01269608119037e-05
2024-01-01,debt_growth,7.831649418221787e-05
2024-01-01,equity_issuance,-0.00015969551168382168
2024-01-01,earnings_to_price,4.1868595872074366e-05
2024-01-01,beta_252d,-0.0003640941285993904
2024-01-01,idio_vol_252d,-7.421810005325824e-05
2024-01-01,total_vol_252d,-0.00026088833692483604
2024-01-01,mkt_corr_252d,-0.00019304112356621772
2024-01-01,taq_half_spread,-4.155612987233326e-05
2024-01-01,taq_intraday_vol,8.444003469776362e-05
2024-01-01,taq_dollar_volume,2.8049194952473044e-05
2024-01-01,ibes_analyst_coverage,-0.0002522853319533169
2024-01-01,ibes_forecast_dispersion,0.000139932832098566
2024-01-01,ibes_revision_breadth,-3.7094745493959635e-05
2024-01-01,ibes_mean_estimate,-0.0002820321242325008
2024-01-01,vix_eom,0.00017310038674622774
2024-01-01,vix_mean,0.0009088501101359725
2024-01-01,vix_realized_state_vol,0.00016422134649474174
2024-01-01,vix_change,0.0003309141320642084
2024-01-01,vxo_eom,0.00010078068589791656
2024-01-01,vxn_eom,0.0003272817120887339
2024-01-01,vxd_eom,0.00021156560978852212
2024-01-01,baa_aaa_spread,-0.00019929731206502765
2024-01-01,mktrf,4.740219537779922e-06
2024-01-01,smb,-0.0007986932760104537
2024-01-01,hml,-0.000247447460424155
2024-01-01,rmw,-1.018782040773658e-05
2024-01-01,cma,0.000281565502518788
2024-01-01,umd,0.000382964382879436
2024-01-01,fred_unrate,0.0006687149289064109
2024-01-01,fred_cpi_yoy,-0.0003810571215581149
2024-01-01,fred_indpro_yoy,3.9318085327977315e-05
2024-01-01,fred_dgs10,4.8417037760373205e-05
2024-01-01,fred_dgs2,0.0005623450851999223
2024-01-01,fred_10y2y_spread,-0.0016621025279164314
2024-01-01,fred_t10y3m,-0.0008227663929574192
2024-01-01,fred_nfci,-8.657891157781705e-06
2024-01-01,bls_unrate,0.00025106273824349046
2024-01-01,bls_avg_hourly_earnings,-0.001831068773753941
2024-01-01,bls_cpi_u_yoy,-6.956025754334405e-05
2024-02-01,mean_iv,-0.0010512926382943988
2024-02-01,atm_iv,-0.0005580587312579155
2024-02-01,put_call_iv_spread,5.107497054268606e-05
2024-02-01,median_spread_pct,-0.0002088180190185085
2024-02-01,n_contracts,0.0002233157429145649
2024-02-01,surface_ae_01,-0.00048287888057529926
2024-02-01,surface_ae_02,-5.068036261945963e-05
2024-02-01,surface_ae_03,2.6037680072477087e-05
2024-02-01,surface_ae_04,-0.00015322791296057403
2024-02-01,surface_ae_05,-4.942428495269269e-05
2024-02-01,surface_ae_06,-0.00014135116362012923
2024-02-01,surface_ae_07,-0.0003137058229185641
2024-02-01,surface_ae_08,-2.3451997549273074e-05
2024-02-01,surface_ae_09,0.0003693273465614766
2024-02-01,surface_ae_10,5.7167289924109355e-05
2024-02-01,surface_ae_11,-0.00035679200664162636
2024-02-01,surface_ae_12,-0.0005522759165614843
2024-02-01,market_equity,7.447469397448003e-05
2024-02-01,log_market_equity,0.00012134463031543419
2024-02-01,turnover,-8.804944081930444e-05
2024-02-01,log_dollar_volume,8.761098797549494e-06
2024-02-01,short_reversal,-5.032396802562289e-05
2024-02-01,momentum_12_2,-1.7963353457162157e-05
2024-02-01,momentum_6_1,0.00012088929361198097
2024-02-01,momentum_36_13,-0.00011944473953917623
2024-02-01,realized_vol_12m,0.00022646553406957537
2024-02-01,amihud_illiq_12m,-1.3996570487506688e-05
2024-02-01,max_ret_12m,2.201798815804068e-05
2024-02-01,ret_skew_12m,2.1224543161224574e-05
2024-02-01,zero_volume_12m,0.0
2024-02-01,price,0.00019312347285449505
2024-02-01,book_to_market_comp,1.3759286957792938e-05
2024-02-01,gross_profitability,1.0003080205933657e-05
2024-02-01,operating_profitability,-5.2879946451867e-05
2024-02-01,roe,5.01024114782922e-05
2024-02-01,leverage,-3.868569547194056e-05
2024-02-01,capex_at,-5.915553992963396e-05
2024-02-01,accruals_at,-2.785564174700994e-05
2024-02-01,cashflow_accruals_at,-0.00010849357204278931
2024-02-01,investment,-1.399195480189519e-05
2024-02-01,asset_growth,-4.119631921639666e-05
2024-02-01,sales_growth,-2.1011854187236167e-05
2024-02-01,cash_at,0.00031173366005532444
2024-02-01,cashflow_at,-0.0003268306900281459
2024-02-01,net_working_capital_at,6.709918670821935e-05
2024-02-01,profit_margin,5.8965371863450855e-05
2024-02-01,sales_at,-5.102720024297014e-05
2024-02-01,debt_growth,5.761584179708734e-05
2024-02-01,equity_issuance,-0.00011598824494285509
2024-02-01,earnings_to_price,2.455170215398539e-05
2024-02-01,beta_252d,-0.000256089901085943
2024-02-01,idio_vol_252d,-0.00010203679994447157
2024-02-01,total_vol_252d,-0.000270999560598284
2024-02-01,mkt_corr_252d,-0.0001354250416625291
2024-02-01,taq_half_spread,-5.138482811162248e-05
2024-02-01,taq_intraday_vol,7.433372957166284e-05
2024-02-01,taq_dollar_volume,3.6931480281054974e-05
2024-02-01,ibes_analyst_coverage,-0.00016651245823595673
2024-02-01,ibes_forecast_dispersion,7.668080797884613e-05
2024-02-01,ibes_revision_breadth,-2.48549877142068e-05
2024-02-01,ibes_mean_estimate,-0.00022302725119516253
2024-02-01,vix_eom,0.00034681125544011593
2024-02-01,vix_mean,0.000896679179277271
2024-02-01,vix_realized_state_vol,0.0002500941336620599
2024-02-01,vix_change,-0.00013987741840537637
2024-02-01,vxo_eom,0.00011048471060348675
2024-02-01,vxn_eom,0.000492267485242337
2024-02-01,vxd_eom,0.00011763544171117246
2024-02-01,baa_aaa_spread,-0.0003596463648136705
2024-02-01,mktrf,-0.00027892563957720995
2024-02-01,smb,-4.185456418781541e-05
2024-02-01,hml,-0.000614573189523071
2024-02-01,rmw,0.000251045566983521
2024-02-01,cma,0.0007767591159790754
2024-02-01,umd,0.0003434697282500565
2024-02-01,fred_unrate,0.0008963070577010512
2024-02-01,fred_cpi_yoy,-0.00016471407434437424
2024-02-01,fred_indpro_yoy,0.0002164903562515974
2024-02-01,fred_dgs10,0.00012462129234336317
2024-02-01,fred_dgs2,0.0006947171641513705
2024-02-01,fred_10y2y_spread,-0.0015390465268865228
2024-02-01,fred_t10y3m,-0.0013035843148827553
2024-02-01,fred_nfci,4.104643721802859e-06
2024-02-01,bls_unrate,-3.2412561267847195e-05
2024-02-01,bls_avg_hourly_earnings,-0.0022328391205519438
2024-02-01,bls_cpi_u_yoy,-8.204441655834671e-06
2024-03-01,mean_iv,-0.001032125554047525
2024-03-01,atm_iv,-0.00028656679205596447
2024-03-01,put_call_iv_spread,-2.9983872082084417e-05
2024-03-01,median_spread_pct,-0.0005467046867124736
2024-03-01,n_contracts,0.00029719978920184076
2024-03-01,surface_ae_01,-0.0005666414508596063
2024-03-01,surface_ae_02,0.00017500710964668542
2024-03-01,surface_ae_03,8.357736805919558e-05
2024-03-01,surface_ae_04,-0.000179975206265226
2024-03-01,surface_ae_05,-2.303140536241699e-05
2024-03-01,surface_ae_06,-0.00024432691861875355
2024-03-01,surface_ae_07,-0.0003608321712817997
2024-03-01,surface_ae_08,0.00021584558999165893
2024-03-01,surface_ae_09,0.0004609095340128988
2024-03-01,surface_ae_10,4.962401726515964e-05
2024-03-01,surface_ae_11,0.00011242761684115976
2024-03-01,surface_ae_12,-0.00069934141356498
2024-03-01,market_equity,0.00012634195445571095
2024-03-01,log_market_equity,8.932844502851367e-05
2024-03-01,turnover,-0.00016084712115116417
2024-03-01,log_dollar_volume,0.00012834287190344185
2024-03-01,short_reversal,6.861690053483471e-05
2024-03-01,momentum_12_2,3.4325444175919984e-06
2024-03-01,momentum_6_1,9.518784281681292e-06
2024-03-01,momentum_36_13,-0.0002355881006224081
2024-03-01,realized_vol_12m,0.0003885894257109612
2024-03-01,amihud_illiq_12m,4.230380727676675e-05
2024-03-01,max_ret_12m,3.8251066143857315e-05
2024-03-01,ret_skew_12m,0.00010336280683986843
2024-03-01,zero_volume_12m,0.0
2024-03-01,price,0.00034298974787816405
2024-03-01,book_to_market_comp,5.337977927410975e-05
2024-03-01,gross_profitability,0.00020219961879774928
2024-03-01,operating_profitability,-3.3364896808052436e-05
2024-03-01,roe,5.67203969694674e-05
2024-03-01,leverage,9.683189091447275e-06
2024-03-01,capex_at,-8.792567678028718e-05
2024-03-01,accruals_at,-4.543025715975091e-05
2024-03-01,cashflow_accruals_at,-0.00020985797164030373
2024-03-01,investment,-5.000152305001393e-05
2024-03-01,asset_growth,-7.529276626883075e-05
2024-03-01,sales_growth,-2.2596034341404447e-06
2024-03-01,cash_at,0.0006490615196526051
2024-03-01,cashflow_at,-0.00038617331301793456
2024-03-01,net_working_capital_at,0.00010819645103765652
2024-03-01,profit_margin,0.00012850255006924272
2024-03-01,sales_at,1.3828743306021352e-07
2024-03-01,debt_growth,0.00011771519348258153
2024-03-01,equity_issuance,-0.0002598320716060698
2024-03-01,earnings_to_price,8.660331513965502e-05
2024-03-01,beta_252d,-0.0005662046605721116
2024-03-01,idio_vol_252d,-7.027915125945583e-05
2024-03-01,total_vol_252d,-0.0003581769997254014
2024-03-01,mkt_corr_252d,-0.00029155772062949836
2024-03-01,taq_half_spread,-5.5177093599922955e-05
2024-03-01,taq_intraday_vol,9.63972561294213e-05
2024-03-01,taq_dollar_volume,5.069759572506882e-05
2024-03-01,ibes_analyst_coverage,-0.0003471114905551076
2024-03-01,ibes_forecast_dispersion,0.00022623068070970476
2024-03-01,ibes_revision_breadth,9.283507824875414e-05
2024-03-01,ibes_mean_estimate,-0.0004319818690419197
2024-03-01,vix_eom,0.00018412579083815217
2024-03-01,vix_mean,0.0006576159503310919
2024-03-01,vix_realized_state_vol,7.304571772692725e-05
2024-03-01,vix_change,-6.688191933790222e-05
2024-03-01,vxo_eom,0.00010869692050619051
2024-03-01,vxn_eom,0.0003754837380256504
2024-03-01,vxd_eom,0.00020183523884043097
2024-03-01,baa_aaa_spread,-0.0004021259373985231
2024-03-01,mktrf,-6.322091940091923e-05
2024-03-01,smb,-0.0005120334681123495
2024-03-01,hml,1.0232754902972374e-05
2024-03-01,rmw,-0.00011242415348533541
2024-03-01,cma,-0.00013585326087195426
2024-03-01,umd,-6.198226037668064e-05
2024-03-01,fred_unrate,0.0006231832085177302
2024-03-01,fred_cpi_yoy,-0.0003140847838949412
2024-03-01,fred_indpro_yoy,0.0002336748584639281
2024-03-01,fred_dgs10,0.00011569848720682785
2024-03-01,fred_dgs2,0.0006573353311978281
2024-03-01,fred_10y2y_spread,-0.0019769715145230293
2024-03-01,fred_t10y3m,-0.00044798041926696897
2024-03-01,fred_nfci,1.5326542779803276e-05
2024-03-01,bls_unrate,0.00045298051554709673
2024-03-01,bls_avg_hourly_earnings,-0.0012272531166672707
2024-03-01,bls_cpi_u_yoy,-2.9016135158599354e-05
2024-04-01,mean_iv,-0.0014869964215904474
2024-04-01,atm_iv,-0.0008104090229608119
2024-04-01,put_call_iv_spread,0.0001359626039629802
2024-04-01,median_spread_pct,-0.00033256132155656815
2024-04-01,n_contracts,0.00025209656450897455
2024-04-01,surface_ae_01,-0.0007763789035379887
2024-04-01,surface_ae_02,-1.717335544526577e-05
2024-04-01,surface_ae_03,7.457746050931746e-06
2024-04-01,surface_ae_04,-0.00016183055413421243
2024-04-01,surface_ae_05,-5.6664350267965347e-05
2024-04-01,surface_ae_06,-0.00011118678958155215
2024-04-01,surface_ae_07,-0.0005020317039452493
2024-04-01,surface_ae_08,6.34928946965374e-05
2024-04-01,surface_ae_09,0.000464963901322335
2024-04-01,surface_ae_10,0.0002940899576060474
2024-04-01,surface_ae_11,-0.00020195331308059394
2024-04-01,surface_ae_12,-0.0007791666430421174
2024-04-01,market_equity,0.0001451398420613259
2024-04-01,log_market_equity,0.00018475265824235976
2024-04-01,turnover,-0.000131606895592995
2024-04-01,log_dollar_volume,0.00010073789599118754
2024-04-01,short_reversal,2.6226072805002332e-05
2024-04-01,momentum_12_2,7.986475975485519e-05
2024-04-01,momentum_6_1,0.00019092186994384974
2024-04-01,momentum_36_13,-0.00026894229813478887
2024-04-01,realized_vol_12m,0.0001428868854418397
2024-04-01,amihud_illiq_12m,-6.475202667388658e-07
2024-04-01,max_ret_12m,-6.742997356923297e-05
2024-04-01,ret_skew_12m,8.115771925076842e-05
2024-04-01,zero_volume_12m,0.0
2024-04-01,price,0.0004418457392603159
2024-04-01,book_to_market_comp,3.0453800718532875e-05
2024-04-01,gross_profitability,0.00012094901467207819
2024-04-01,operating_profitability,-9.882623999146745e-05
2024-04-01,roe,0.00011438235378591344
2024-04-01,leverage,2.3673703708482208e-06
2024-04-01,capex_at,-6.423260856536217e-06
2024-04-01,accruals_at,-4.708098276751116e-05
2024-04-01,cashflow_accruals_at,-0.00021593361452687532
2024-04-01,investment,-4.068719135830179e-05
2024-04-01,asset_growth,-5.9510428400244564e-05
2024-04-01,sales_growth,-1.1096647540398408e-05
2024-04-01,cash_at,0.0005690069519914687
2024-04-01,cashflow_at,-0.0006320305401459336
2024-04-01,net_working_capital_at,0.000225567608140409
2024-04-01,profit_margin,8.942322892835364e-05
2024-04-01,sales_at,-4.0858532884158194e-05
2024-04-01,debt_growth,9.407255856785923e-05
2024-04-01,equity_issuance,-0.00018393193022347987
2024-04-01,earnings_to_price,2.792667510220781e-05
2024-04-01,beta_252d,-0.0005682521732524037
2024-04-01,idio_vol_252d,-0.00022809274378232658
2024-04-01,total_vol_252d,-0.0006182541837915778
2024-04-01,mkt_corr_252d,-8.53194433148019e-05
2024-04-01,taq_half_spread,-3.192638905602507e-05
2024-04-01,taq_intraday_vol,0.00013372405373957008
2024-04-01,taq_dollar_volume,7.434467261191458e-05
2024-04-01,ibes_analyst_coverage,-0.00020302121993154287
2024-04-01,ibes_forecast_dispersion,0.00013900235353503376
2024-04-01,ibes_revision_breadth,5.639757546305191e-06
2024-04-01,ibes_mean_estimate,-0.0006751313921995461
2024-04-01,vix_eom,4.093623283552006e-05
2024-04-01,vix_mean,0.0005384558462537825
2024-04-01,vix_realized_state_vol,4.785646160598844e-05
2024-04-01,vix_change,0.00028494081925600767
2024-04-01,vxo_eom,0.00010441132326377556
2024-04-01,vxn_eom,0.0003100218891631812
2024-04-01,vxd_eom,5.026009603170678e-05
2024-04-01,baa_aaa_spread,-0.00010293868399458006
2024-04-01,mktrf,1.839450305851642e-05
2024-04-01,smb,-0.00030684060766361654
2024-04-01,hml,1.398334643454291e-05
2024-04-01,rmw,-0.0001503058010712266
2024-04-01,cma,0.00025747859035618603
2024-04-01,umd,-9.590070112608373e-05
2024-04-01,fred_unrate,0.0006725442945025861
2024-04-01,fred_cpi_yoy,-0.0006707689026370645
2024-04-01,fred_indpro_yoy,5.280363984638825e-05
2024-04-01,fred_dgs10,4.393505150801502e-06
2024-04-01,fred_dgs2,-9.795795631362125e-05
2024-04-01,fred_10y2y_spread,-0.0003091877151746303
2024-04-01,fred_t10y3m,-1.0073642442876007e-05
2024-04-01,fred_nfci,1.1950879752475885e-06
2024-04-01,bls_unrate,0.00016545207472518086
2024-04-01,bls_avg_hourly_earnings,-0.0018688456621021032
2024-04-01,bls_cpi_u_yoy,-5.459180101752281e-05
