fold,decile,mean_return,fitted_mean_return,pricing_error
1,1,-0.0033141323594814004,-0.0009943402409998484,-0.002319792118481552
1,2,-0.0010084207459448446,-0.000751336490751158,-0.0002570842551936866
1,3,0.004553778767515144,-0.0006211453182807681,0.005174924085795912
1,4,0.006776649446984044,-0.0004831629337102953,0.007259812380694339
1,5,0.0024174865679966644,-0.0005437764944788977,0.002961263062475562
1,6,0.006167571571281695,-0.0005071079342894418,0.006674679505571136
1,7,0.006611807963923427,-0.0004770666159892661,0.007088874579912694
1,8,0.0035585238214460337,-0.0004999061162534,0.004058429937699433
1,9,0.004630372556972926,-0.0004948764795771449,0.00512524903655007
1,10,0.00708518296233178,-0.0005522921140597424,0.007637475076391523
2,1,0.0067513767613539034,-0.00013303545210451964,0.006884412213458423
2,2,0.012777830337560034,-8.736706276686058e-05,0.012865197400326895
2,3,0.00873436313931648,-7.61574917421804e-05,0.00881052063105866
2,4,0.012342606626917515,-7.194111983335539e-05,0.012414547746750871
2,5,0.01612476519618463,-7.629382983325636e-05,0.016201059026017886
2,6,0.015102952713556161,-6.119233413235654e-05,0.015164145047688518
2,7,0.015908682209817306,-5.0049823043493345e-05,0.0159587320328608
2,8,0.013855061140264024,-6.552390695239302e-05,0.013920585047216417
2,9,0.01375892910019678,-4.882669571290193e-05,0.013807755795909682
2,10,0.014772817960609618,-6.553976591723851e-05,0.014838357726526858
3,1,0.029397572634190017,-4.5475519613838536e-05,0.029443048153803855
3,2,0.021986313590122705,-4.4234673979579066e-05,0.022030548264102282
3,3,0.022327080773944605,1.6188374915058564e-05,0.022310892399029548
3,4,0.022929749233452423,2.9042111033143702e-05,0.02290070712241928
3,5,0.022762015722615766,3.770564107569342e-05,0.02272431008154007
3,6,0.023377851666325593,4.7848749534273034e-05,0.02333000291679132
3,7,0.0220851864789,5.798478508441662e-05,0.02202720169381558
3,8,0.022745362851098072,4.537982867948648e-05,0.022699983022418584
3,9,0.01968388442044329,6.0708736982538095e-05,0.019623175683460753
3,10,0.017432764572764593,3.988621163218386e-05,0.01739287836113241
4,1,-0.0061216074735460585,0.00035426638260990865,-0.006475873856155967
4,2,0.0014359574348122722,-4.338283561665579e-05,0.001479340270428928
4,3,0.004405158518130785,-0.000316030038023111,0.004721188556153896
4,4,0.005752160616442601,-0.0001817384100990184,0.005933899026541619
4,5,0.004582300166193892,-0.00025007383266166777,0.00483237399885556
4,6,0.008244112146002998,-0.00029580677663553753,0.008539918922638536
4,7,0.006988092335224401,-0.00023416838258533202,0.007222260717809733
4,8,0.009871877508729898,-0.0001715879868231904,0.010043465495553088
4,9,0.010308636445240276,-0.00022587746971088133,0.010534513914951157
4,10,0.0039441419606724365,-0.00019655522995734711,0.004140697190629783
5,1,-0.022387874078932262,0.0022311518272314164,-0.024619025906163678
5,2,-0.01812816372216401,0.0015656162795219225,-0.01969378000168593
5,3,-0.007522247570607497,0.000987840766655929,-0.008510088337263426
5,4,-0.005051416597517574,0.0006667450031226112,-0.005718161600640185
5,5,-0.002387452252473469,0.0006985550766302277,-0.003086007329103697
5,6,-0.0009269145564237795,0.0006472799985169295,-0.001574194554940709
5,7,-0.004897500847238564,0.0006308960659015009,-0.005528396913140065
5,8,-0.006489435286854288,0.0008191583213157813,-0.007308593608170069
5,9,-0.003892273398611871,0.0006768205833258116,-0.004569093981937682
5,10,-0.0026372465981481102,0.0004288033790737344,-0.0030660499772218446
6,1,0.03084419793277669,-0.008049651899286766,0.038893849832063454
6,2,0.026840915847585963,-0.0039010887501444522,0.030742004597730417
6,3,0.02396862314031536,-0.003042542807826112,0.027011165948141472
6,4,0.023666382160394312,-0.0022828341407121052,0.025949216301106418
6,5,0.023422458362022423,-0.0022406519490722554,0.025663110311094677
6,6,0.020473556559212517,-0.0016785173456483188,0.022152073904860837
6,7,0.0210874762153182,-0.002570716400478491,0.023658192615796693
6,8,0.023746669969572975,-0.0021332463778339326,0.025879916347406908
6,9,0.02514168313594742,-0.002046090903832874,0.027187774039780295
6,10,0.02772421995634733,-0.002089945751182074,0.029814165707529403
7,1,0.01903789820034647,-0.004363155652165316,0.023401053852511785
7,2,0.016424376473770468,-0.0030566243772699522,0.01948100085104042
7,3,0.013589448837532098,-0.001788062473386906,0.015377511310919004
7,4,0.019109471893255625,-0.0017496783686716357,0.02085915026192726
7,5,0.018998264473949766,-0.0011097684985292536,0.02010803297247902
7,6,0.0182807994088478,-0.0011273451031274682,0.019408144511975266
7,7,0.015180666810924151,-0.001024051112547358,0.016204717923471508
7,8,0.014122902903868133,-0.0010111367751193573,0.01513403967898749
7,9,0.017044626988654516,-0.0011764204615952118,0.018221047450249727
7,10,0.014295342619345187,-0.0007768663822824456,0.015072209001627633
8,1,-0.0018993363415734075,-0.015195063656020406,0.013295727314446998
8,2,0.0009703785630977314,-0.011278652160568338,0.012249030723666069
8,3,0.0019512946545514494,-0.009169293626355515,0.011120588280906963
8,4,-5.514730572646805e-06,-0.008347277214046675,0.008341762483474027
8,5,-0.0015073670387294898,-0.008073493168776428,0.006566126130046938
8,6,-0.0013836111627102132,-0.007616857197823542,0.0062332460351133285
8,7,-0.0009823865192597227,-0.007509517442693951,0.006527130923434228
8,8,-0.0029051077758080086,-0.007674420088395945,0.004769312312587936
8,9,0.0013585553140806003,-0.007333190352004029,0.00869174566608463
8,10,-0.0029567072860655734,-0.007657521430854154,0.004700814144788581
9,1,0.003075760058693249,-0.008694979918918006,0.011770739977611255
9,2,0.0055286596296735225,-0.004721820369068016,0.010250479998741537
9,3,0.009995643024608114,-0.002129122904178012,0.012124765928786127
9,4,0.010848802506767877,-0.0022893555721131007,0.013138158078880979
9,5,0.00990328566196509,-0.002102282233283648,0.012005567895248738
9,6,0.011363427488599975,-0.0009166383980511976,0.012280065886651172
9,7,0.007470580640618718,-0.0010248434314273584,0.008495424072046075
9,8,0.011516516915142272,-0.0008329912834091366,0.012349508198551408
9,9,0.009602981931865583,-0.0008031141858336723,0.010406096117699255
9,10,0.014755191679987961,0.00013109500563494508,0.014624096674353016
10,1,0.07561259487960076,-0.060976038118037354,0.13658863299763813
10,2,0.0431005357973013,-0.038772201630773245,0.08187273742807455
10,3,0.037479555212461914,-0.028971799371758384,0.0664513545842203
10,4,0.0271528397629822,-0.025611336840697805,0.052764176603680005
10,5,0.022724784486811464,-0.021900616871702618,0.04462540135851408
10,6,0.0221185639416398,-0.020242747289436962,0.04236131123107677
10,7,0.01648963600712099,-0.02157226332558174,0.03806189933270273
10,8,0.020412485792827607,-0.02121826845544188,0.04163075424826949
10,9,0.012920878408986846,-0.01906586899033576,0.031986747399322606
10,10,0.017714344473427714,-0.020656253383537732,0.03837059785696545
11,1,-0.05308512519047028,0.027549206454937733,-0.08063433164540801
11,2,-0.011262723437292213,3.336290630573106e-05,-0.011296086343597944
11,3,0.00281742009153162,-0.008895003197142457,0.011712423288674077
11,4,0.010345848206453487,-0.011510947938725178,0.021856796145178665
11,5,0.009935438618865604,-0.013030484526846426,0.022965923145712032
11,6,0.012769286104197064,-0.014527131952968422,0.027296418057165484
11,7,0.007634079254794472,-0.01317705339512612,0.020811132649920593
11,8,0.007985356525824305,-0.013397292708564606,0.02138264923438891
11,9,0.010420798867706624,-0.012181188717501009,0.022601987585207633
11,10,0.015409944989304411,-0.020742131246775052,0.03615207623607947
12,1,-0.008481050182042022,0.0158844819659792,-0.024365532148021223
12,2,-0.01021154113496952,0.012235516006978557,-0.022447057141948078
12,3,-0.0034646706961774265,0.005688400711869802,-0.009153071408047228
12,4,0.0005952342641775236,0.002426386485813923,-0.0018311522216363993
12,5,-0.00042799251695915114,0.0008954535657952575,-0.0013234460827544086
12,6,0.007216030176963896,0.0006445265498288813,0.006571503627135014
12,7,0.00465691030792043,-0.00011473422503166369,0.004771644532952093
12,8,0.0015178022653656413,0.00019013612003418288,0.0013276661453314584
12,9,3.908124112945883e-05,0.00016987828681202662,-0.0001307970456825678
12,10,0.0013627798520009053,-0.000327717979593176,0.0016904978315940814
13,1,0.0018246385687209117,-0.0006912701839423611,0.0025159087526632727
13,2,0.0006022086777528578,-0.0004023517700891317,0.0010045604478419894
13,3,0.0031254468773899927,-0.00024187645236528084,0.0033673233297552736
13,4,0.005650915303824406,-0.0006721064283879985,0.006323021732212404
13,5,0.004460022011485518,-0.0003464627522282066,0.004806484763713725
13,6,0.006470423106578788,-0.0002577236148677303,0.006728146721446518
13,7,0.004026204956073477,-0.00039281236303999366,0.004419017319113471
13,8,0.009063137518511748,-0.00023160235346904846,0.009294739871980796
13,9,0.006960021316657767,-0.00025003662452959284,0.00721005794118736
13,10,0.005097417930810879,-0.00015951436386746153,0.0052569322946783405
14,1,0.009971587596965386,-0.0009074648896178887,0.010879052486583274
14,2,0.021120745417857304,-6.823650477301598e-05,0.02118898192263032
14,3,0.014402366402620548,-0.00010026227618767112,0.01450262867880822
14,4,0.011805513327222046,-9.35265835217742e-06,0.011814865985574224
14,5,0.01255583761683895,-6.11486593687629e-05,0.012616986276207713
14,6,0.012608933640162377,2.423279213801928e-05,0.012584700848024358
14,7,0.010233654532155162,0.00014704680289780332,0.010086607729257359
14,8,0.013471254965268126,0.00016377407041022178,0.013307480894857905
14,9,0.013653089041459416,6.50967952950936e-05,0.013587992246164322
14,10,0.016130423968118826,0.00011361465856780493,0.01601680930955102
