date,sdf_factor_01,sdf_factor_02,sdf_factor_03,sdf_factor_04,sdf_factor_05,sdf_factor_06,sdf_factor_07,sdf_factor_08,sdf_lambda_01,sdf_lambda_02,sdf_lambda_03,sdf_lambda_04,sdf_lambda_05,sdf_lambda_06,sdf_lambda_07,sdf_lambda_08,fold
2006-01-01,-0.01449279673397541,0.0145214032381773,0.014495675452053547,0.01449828501790762,0.014506746083498001,-0.014581813476979733,0.014436639845371246,-0.014432396739721298,0.01453130692243576,-0.04672181233763695,-0.022308573126792908,0.06695066392421722,0.028790852054953575,0.003266453742980957,0.06089886277914047,-0.0331018790602684,1
2006-02-01,0.010773558169603348,-0.010621732100844383,-0.010652374476194382,-0.010607563890516758,-0.010601891204714775,0.010654862970113754,-0.010684974491596222,0.010638616979122162,0.00687766820192337,-0.0344918929040432,-0.018067000433802605,0.06463348865509033,0.03961562737822533,-0.013769671320915222,0.06508271396160126,-0.029236461967229843,1
2006-03-01,-0.004769725259393454,0.004975512158125639,0.004912640433758497,0.004902509041130543,0.0049716150388121605,-0.0049723070114851,0.004837789107114077,-0.004825975745916367,0.007364092394709587,-0.037573978304862976,-0.020680278539657593,0.06257495284080505,0.037035487592220306,-0.008211106061935425,0.058941010385751724,-0.03081303834915161,1
2006-04-01,-0.02162051945924759,0.021646805107593536,0.02161714807152748,0.021666597574949265,0.021663306280970573,-0.021618327125906944,0.02164791151881218,-0.021641593426465988,0.015547068789601326,-0.010881248861551285,0.03791119530797005,0.008880678564310074,0.1126038134098053,-0.048550840467214584,0.08078666031360626,0.00579435471445322,1
2006-05-01,-0.0004943659296259284,0.0007577562355436385,0.0007173482445068657,0.0006562300841324031,0.0007514926255680621,-0.0007024777587503195,0.0006336080841720104,-0.0006216731853783131,0.016849275678396225,-0.010097216814756393,0.03559239208698273,0.008975107222795486,0.11146460473537445,-0.047214996069669724,0.07958406955003738,0.004412466660141945,1
2006-06-01,-0.019465018063783646,0.01949487440288067,0.019498907029628754,0.01955302245914936,0.019587818533182144,-0.019433317705988884,0.019598938524723053,-0.019569262862205505,0.01624772883951664,-0.010288186371326447,0.03718583658337593,0.009238146245479584,0.1098194569349289,-0.04857780411839485,0.07939022779464722,0.006292751990258694,1
2006-07-01,0.0027891513891518116,-0.002796989167109132,-0.0028146628756076097,-0.0027336066123098135,-0.0027569467201828957,0.002821319969370961,-0.0027582147158682346,0.0027110979426652193,0.015602421015501022,-0.009561918675899506,0.036961015313863754,0.009288530796766281,0.11116702109575272,-0.04719136282801628,0.07938168942928314,0.0054514408111572266,1
2006-08-01,-0.006491813808679581,0.0063155111856758595,0.006345460657030344,0.0064312187023460865,0.006390955299139023,-0.006273963022977114,0.006507489364594221,-0.0064372532069683075,0.015969280153512955,-0.010691944509744644,0.038044657558202744,0.009297456592321396,0.11275357753038406,-0.05038883164525032,0.08231815695762634,0.005546106956899166,1
2006-09-01,0.012592857703566551,-0.012586290948092937,-0.01257922500371933,-0.012697985395789146,-0.012708688154816628,0.012515820562839508,-0.012728855945169926,0.012764612212777138,0.015842171385884285,-0.010453026741743088,0.0375293605029583,0.009504538029432297,0.11286352574825287,-0.04931080713868141,0.08155256509780884,0.005475549027323723,1
2006-10-01,0.006635440047830343,-0.006499282084405422,-0.006514105014503002,-0.006552150472998619,-0.006516087334603071,0.006530073471367359,-0.006580864079296589,0.006570156663656235,0.015539897605776787,-0.012180730700492859,0.0375349223613739,0.008038099855184555,0.11310701072216034,-0.050211723893880844,0.08211804926395416,0.0070441849529743195,1
2006-11-01,-0.009112365543842316,0.009075937792658806,0.00905340351164341,0.009513191878795624,0.009527947753667831,-0.008908789604902267,0.00945335254073143,-0.009556715376675129,0.015549251809716225,-0.012020204216241837,0.036841876804828644,0.007311828434467316,0.11261758208274841,-0.05004340782761574,0.08135519921779633,0.007269565016031265,1
2006-12-01,-0.0007741753361187875,0.000883525877725333,0.0008687414228916168,0.000931061222217977,0.000954801740590483,-0.0008158907876349986,0.0008976078242994845,-0.0009268422145396471,0.01564856991171837,-0.012464165687561035,0.03704492002725601,0.007814925163984299,0.1130644828081131,-0.049771297723054886,0.0816880464553833,0.006576787680387497,1
2007-01-01,0.0019760029390454292,-0.0018329172162339091,0.002016690094023943,-0.0018965653143823147,0.0018780373502522707,-0.0018395849037915468,-0.0018947498174384236,0.0021413827780634165,-0.002274923026561737,0.03976048156619072,-0.027256937697529793,0.014729510992765427,-0.072105273604393,-0.013223905116319656,0.07694073766469955,-0.013478007167577744,2
2007-02-01,-0.0040623461827635765,0.0041489386931061745,-0.00403496902436018,0.004069365095347166,-0.004146643448621035,0.0041452432051301,0.004083817824721336,-0.0037607704289257526,-0.0015405863523483276,0.03936579450964928,-0.025757038965821266,0.014995638281106949,-0.07267528027296066,-0.014692749828100204,0.07708732783794403,-0.01474841684103012,2
2007-03-01,0.0002509383193682879,-0.000254493992542848,0.0002854822378139943,-0.0001666581374593079,0.00013385227066464722,-0.00020861608209088445,-0.00017197962733916938,-0.0004178965464234352,-0.0012736618518829346,0.039595674723386765,-0.026720965281128883,0.01434537023305893,-0.07236914336681366,-0.014616597443819046,0.07668033987283707,-0.014372698962688446,2
2007-04-01,0.001184473279863596,-0.0011863927356898785,0.0011680219322443008,-0.0011732944985851645,0.001161471358500421,-0.0012245784746482968,-0.0011987901525571942,0.0011260928586125374,-0.0014216378331184387,0.04041580483317375,-0.027132751420140266,0.01375671848654747,-0.07255153357982635,-0.013266883790493011,0.07695173472166061,-0.012783486396074295,2
2007-05-01,-0.00013351114466786385,0.00024040337302722037,-0.00011164307943545282,0.0002188203507103026,-0.0002867407747544348,0.00021110769012011588,0.00019601694657467306,0.0002139026764780283,-0.0013016685843467712,0.04005720838904381,-0.026698416098952293,0.014459725469350815,-0.07196403294801712,-0.013888664543628693,0.07659119367599487,-0.013480853289365768,2
2007-06-01,-0.009199291467666626,0.009201038628816605,-0.008974069729447365,0.009206125512719154,-0.00921335443854332,0.009197554551064968,0.009185158647596836,-0.009643645957112312,-0.0016758143901824951,0.040604118257761,-0.026175403967499733,0.014425508677959442,-0.07284046709537506,-0.015069376677274704,0.07700563967227936,-0.013389162719249725,2
2007-07-01,-0.00680070836097002,0.0067031956277787685,-0.006702120415866375,0.006633101962506771,-0.006723212543874979,0.0066749765537679195,0.006679472979158163,-0.006735754199326038,0.000205162912607193,0.04074333235621452,-0.025031892582774162,0.013573117554187775,-0.07437226921319962,-0.016434501856565475,0.07752818614244461,-0.013527575880289078,2
2007-08-01,0.001207613619044423,-0.0011895701754838228,0.0015626426320523024,-0.0011270198738202453,0.0011314748553559184,-0.0011423814576119184,-0.001144444802775979,7.203244604170322e-05,0.0003467872738838196,0.040614914149045944,-0.025363268330693245,0.012631013989448547,-0.07394683361053467,-0.0164843387901783,0.07619940489530563,-0.014417082071304321,2
2007-09-01,0.0011109254555776715,-0.0009872083319351077,0.0012567617231979966,-0.000984589452855289,0.0009896715637296438,-0.0010057649342343211,-0.0009656932670623064,0.0003662484232336283,-0.00035059452056884766,0.039011064916849136,-0.027291933074593544,0.012451954185962677,-0.07456935197114944,-0.015110503882169724,0.07522835582494736,-0.015048034489154816,2
2007-10-01,-0.026446547359228134,0.0262589231133461,-0.02627427875995636,0.02624998427927494,-0.026119474321603775,0.026217008009552956,0.026293477043509483,-0.027235645800828934,-0.0017067603766918182,0.04045034572482109,-0.026234151795506477,0.012966372072696686,-0.07366099953651428,-0.014462199062108994,0.07548736035823822,-0.012925270944833755,2
2007-11-01,-0.0022765211760997772,0.0022283054422587156,-0.002232898259535432,0.0022739768028259277,-0.002278368454426527,0.0022058456670492887,0.002278221771121025,-0.0024963426403701305,-0.0022597014904022217,0.04205438867211342,-0.025658639147877693,0.0129447802901268,-0.07392547279596329,-0.01572197675704956,0.07629414647817612,-0.010235719382762909,2
2007-12-01,-0.011115659028291702,0.011158007197082043,-0.011235006153583527,0.011308909393846989,-0.011206945404410362,0.011226198635995388,0.011181292124092579,-0.011064988560974598,-0.003328867256641388,0.041251230984926224,-0.026200702413916588,0.012586481869220734,-0.07413794100284576,-0.01452450081706047,0.07492128014564514,-0.009006187319755554,2
2008-01-01,0.014976093545556068,-0.015138695016503334,0.01515015959739685,0.015159482136368752,-0.015093335881829262,-0.015117427334189415,0.015078982338309288,0.015157358720898628,-0.010282911360263824,-0.05341518670320511,-0.01797086000442505,-0.00395936518907547,-0.026103809475898743,-0.03664426505565643,0.0033616796135902405,0.06107460707426071,3
2008-02-01,0.016743646934628487,-0.01670897752046585,0.016740761697292328,0.016722705215215683,-0.016744840890169144,-0.01668401062488556,0.016697974875569344,0.016670547425746918,-0.008456092327833176,-0.05358114838600159,-0.01881488785147667,-0.004996504634618759,-0.026189465075731277,-0.035224832594394684,0.004146691411733627,0.06308295577764511,3
2008-03-01,-0.0030328831635415554,0.002794864820316434,-0.002858158200979233,-0.002888147486373782,0.0028643296100199223,0.0028637463692575693,-0.0028807101771235466,-0.002793931169435382,-0.008584216237068176,-0.053712502121925354,-0.018052037805318832,-0.0049622543156147,-0.025767715647816658,-0.03521613031625748,0.004545062780380249,0.06241202726960182,3
2008-04-01,-0.002344647189602256,0.0021262625232338905,-0.002111922949552536,-0.0021504973992705345,0.0021039352286607027,0.002136716153472662,-0.002178006572648883,-0.0021584192290902138,-0.007660131901502609,-0.05423228442668915,-0.0170399509370327,-0.0039241723716259,-0.025236068293452263,-0.03576727211475372,0.004512052983045578,0.062009844928979874,3
2008-05-01,0.01020771823823452,-0.010016635060310364,0.010034911334514618,0.010104821063578129,-0.010074255056679249,-0.010011907666921616,0.010095854289829731,0.010112558491528034,-0.0069550201296806335,-0.05478474497795105,-0.018199961632490158,-0.004215240478515625,-0.026362404227256775,-0.03629130870103836,0.004219263792037964,0.06303799897432327,3
2008-06-01,0.005540552549064159,-0.005212744697928429,0.0053316084668040276,0.005404251627624035,-0.0054572271183133125,-0.005353475920855999,0.005395475309342146,0.005247271154075861,-0.007931407541036606,-0.05415959283709526,-0.02056163363158703,-0.004815582185983658,-0.027946222573518753,-0.036247432231903076,0.004569452255964279,0.06387500464916229,3
2008-07-01,0.0008732674177736044,-0.0007993406034074724,0.000867147755343467,0.0008598327403888106,-0.000858350598718971,-0.0008652140968479216,0.0008173732203431427,0.0007652303902432323,-0.008762776851654053,-0.05445966124534607,-0.016815539449453354,-0.0030208416283130646,-0.02454962395131588,-0.03712741285562515,0.004415176808834076,0.0610184445977211,3
2008-08-01,0.016639847308397293,-0.016225166618824005,0.016334168612957,0.016488490626215935,-0.016559764742851257,-0.016331441700458527,0.016448428854346275,0.016346488147974014,-0.007469760254025459,-0.05459705367684364,-0.017102312296628952,-0.0032567642629146576,-0.02476009726524353,-0.03719300031661987,0.004519451409578323,0.06121565401554108,3
2008-09-01,0.03579891473054886,-0.03533611074090004,0.03527478501200676,0.03543195128440857,-0.03545713424682617,-0.035318270325660706,0.03546646237373352,0.03532195836305618,-0.013193640857934952,-0.052612029016017914,-0.016607102006673813,-0.002983745187520981,-0.02264941856265068,-0.03511203080415726,0.0073647089302539825,0.057812225073575974,3
2008-10-01,0.03595278412103653,-0.035666126757860184,0.035458482801914215,0.035498201847076416,-0.03548642247915268,-0.03553090989589691,0.035551197826862335,0.03542948141694069,-0.018339281901717186,-0.047314856201410294,-0.0162908174097538,-0.004560898989439011,-0.021681543439626694,-0.0308928694576025,0.010472510010004044,0.057123664766550064,3
2008-11-01,-0.020368529483675957,0.019944358617067337,-0.01986667886376381,-0.019893107935786247,0.01995040290057659,0.01989366114139557,-0.019951097667217255,-0.019910307601094246,-0.018779724836349487,-0.04583440348505974,-0.01232902705669403,-0.004165224730968475,-0.019662313163280487,-0.0282845851033926,0.010576602071523666,0.056911930441856384,3
2008-12-01,0.014501649886369705,-0.014164621941745281,0.014142641797661781,0.014202846214175224,-0.014150374568998814,-0.014148969203233719,0.014147414825856686,0.014264444820582867,-0.0179547518491745,-0.04679153859615326,-0.008033223450183868,-0.0008137263357639313,-0.017245450988411903,-0.028074143454432487,0.009284596890211105,0.05558387190103531,3
2009-01-01,0.011685378849506378,-0.011706861667335033,-0.0117028234526515,-0.011705497279763222,-0.01173342764377594,-0.01163572445511818,0.011727653443813324,0.011642380617558956,-0.042440831661224365,0.009662225842475891,-0.02681613154709339,0.03977625072002411,-6.043724715709686e-05,-0.033957332372665405,-0.0019929707050323486,-0.011150700971484184,4
2009-02-01,-0.028547678142786026,0.028316613286733627,0.028280874714255333,0.028281960636377335,0.028123728930950165,0.0287850983440876,-0.02813601866364479,-0.028497925028204918,-0.04263981059193611,0.014705115929245949,-0.029883135110139847,0.03931044787168503,-9.04519110918045e-05,-0.03365271911025047,-0.0014037266373634338,-0.01014738716185093,4
2009-03-01,-0.06423398852348328,0.06378171592950821,0.0636657178401947,0.06389070302248001,0.06341289728879929,0.06505241990089417,-0.06345590949058533,-0.06424646824598312,-0.03837236762046814,0.014201860874891281,-0.012865647673606873,0.018506916239857674,0.0025643818080425262,-0.015227572061121464,-0.009740468114614487,-0.020019609481096268,4
2009-04-01,-0.01703610084950924,0.016996880993247032,0.01696684956550598,0.016994159668684006,0.016905730590224266,0.017355432733893394,-0.0168935377150774,-0.01712966337800026,-0.0186753049492836,-0.007122017443180084,-0.005841635167598724,0.01351272501051426,0.0030949171632528305,-0.012311200611293316,0.0070555247366428375,-0.004899327643215656,4
2009-05-01,0.011517776176333427,-0.011402972973883152,-0.011409737169742584,-0.011363904923200607,-0.011361260898411274,-0.011630993336439133,0.011362092569470406,0.011526192538440228,-0.0278458409011364,0.0005126893520355225,-0.022577490657567978,0.033939458429813385,0.0034950729459524155,-0.024425171315670013,0.004347506910562515,-0.01310412771999836,4
2009-06-01,-0.023769300431013107,0.023693634197115898,0.02366609126329422,0.023686055094003677,0.023648396134376526,0.023903660476207733,-0.023660065606236458,-0.02372686192393303,-0.033871766179800034,0.0013162456452846527,-0.04619248956441879,0.04685616493225098,-0.0022406959906220436,-0.040313366800546646,0.007350470870733261,-0.007977384142577648,4
2009-07-01,-0.009608191438019276,0.009616319090127945,0.00962947029620409,0.009604526683688164,0.009616018272936344,0.009778912179172039,-0.009620064869523048,-0.009621464647352695,-0.022732220590114594,-0.0015940740704536438,-0.040471259504556656,0.02639630064368248,-0.0037664473056793213,-0.027706783264875412,0.005618266761302948,-0.010264459066092968,4
2009-08-01,-0.01925451122224331,0.01920829899609089,0.019173946231603622,0.019252557307481766,0.01912154071033001,0.019618239253759384,-0.019129477441310883,-0.01928330585360527,-0.01461099460721016,-0.006312057375907898,-0.04199640825390816,0.015689413994550705,-0.005285763181746006,-0.026309967041015625,0.012445520609617233,-0.002894394099712372,4
2009-09-01,0.025303583592176437,-0.025205431506037712,-0.02519965171813965,-0.025250399485230446,-0.02510206401348114,-0.025664277374744415,0.025102980434894562,0.025333497673273087,-0.022157642990350723,-0.002354361116886139,-0.04227520897984505,0.0262166578322649,-0.001798529177904129,-0.030883926898241043,0.008234236389398575,-0.005627847276628017,4
2009-10-01,-0.0012442378792911768,0.001317204674705863,0.0013478357577696443,0.0013322578743100166,0.0013603721745312214,0.001135688042268157,-0.0013784054899588227,-0.0012641408247873187,-0.026338577270507812,0.007347039878368378,-0.03661945462226868,0.04520200565457344,-0.000132070854306221,-0.04367409273982048,0.0010624974966049194,-0.010144904255867004,4
2009-11-01,-0.017175158485770226,0.01708732172846794,0.017056457698345184,0.017125604674220085,0.01699107699096203,0.017439866438508034,-0.01698940433561802,-0.017192380502820015,-0.01848582923412323,0.008422188460826874,-0.024698834866285324,0.033473268151283264,0.0032517369836568832,-0.03201872855424881,-0.0010823607444763184,0.0012751376489177346,4
2009-12-01,0.0042510428465902805,-0.004314428195357323,-0.004321889951825142,-0.0042908405885100365,-0.004379910416901112,-0.0041259778663516045,0.004392592702060938,0.004240652546286583,-0.01389995589852333,0.006438765674829483,-0.0128248892724514,0.027857469394803047,0.006012560799717903,-0.02155870944261551,0.009738583117723465,0.025022685527801514,4
2010-01-01,-0.007757822051644325,-0.007754940539598465,-0.00777082797139883,-0.0077685522846877575,-0.0077617890201509,0.007763565052300692,0.007755959406495094,0.007762819062918425,-0.005857013165950775,0.026021070778369904,-0.017489217221736908,0.0075823962688446045,-0.010601880960166454,-0.00211402028799057,0.057542070746421814,0.004516713321208954,5
2010-02-01,-0.010907155461609364,-0.010883175767958164,-0.010920582339167595,-0.010956898331642151,-0.010956898331642151,0.010856976732611656,0.01096886582672596,0.010933876037597656,0.0008243098855018616,0.02422253042459488,-0.018243219703435898,0.0059123896062374115,0.0037729074247181416,0.003414548933506012,0.05171266198158264,0.005137389525771141,5
2010-03-01,-0.009920826181769371,-0.009906438179314137,-0.009921890683472157,-0.00995948351919651,-0.00999952107667923,0.009888620115816593,0.009992883540689945,0.00992776732891798,0.0051294490694999695,0.025268174707889557,-0.019255736842751503,0.0016544274985790253,0.0011420794762670994,-0.0016600266098976135,0.051175639033317566,-0.0011083688586950302,5
2010-04-01,0.013691769912838936,0.013591744937002659,0.0137286726385355,0.013792090117931366,0.013918878510594368,-0.01357666403055191,-0.0138730239123106,-0.013718824833631516,-0.0016015395522117615,0.027387000620365143,-0.02248336374759674,0.003902651369571686,-0.006599852815270424,-0.002708110958337784,0.054540738463401794,-0.00815042294561863,5
2010-05-01,0.024168310686945915,0.024067601189017296,0.024200480431318283,0.024295734241604805,0.02428874932229519,-0.024124039337038994,-0.024305973201990128,-0.024170346558094025,-0.0016629844903945923,-0.003505614586174488,-0.023296263068914413,0.015722444280982018,-0.022236352786421776,-0.006248049437999725,0.04684563726186752,0.009953519329428673,5
2010-06-01,-0.01519160345196724,-0.015162849798798561,-0.015223763883113861,-0.015263100154697895,-0.015279198996722698,0.01516585610806942,0.015279583632946014,0.01521841436624527,0.004391197115182877,-0.017448272556066513,-0.026831604540348053,0.006874974817037582,-0.01353777851909399,-0.02189616858959198,0.038225263357162476,0.02082841284573078,5
2010-07-01,0.01498648151755333,0.014938014559447765,0.015009620226919651,0.015057499520480633,0.015009668655693531,-0.015003648586571217,-0.015013240277767181,-0.014945799484848976,0.010892579331994057,-0.01737356185913086,-0.02446790412068367,-0.0060145556926727295,-0.002493745181709528,-0.026379436254501343,0.028694622218608856,0.010919833555817604,5
2010-08-01,-0.021944167092442513,-0.021846579387784004,-0.021976690739393234,-0.022062258794903755,-0.02209194377064705,0.021894467994570732,0.02209591120481491,0.021939899772405624,0.007549446076154709,-0.006643243134021759,-0.028553394600749016,0.0022726990282535553,-0.011531680822372437,-0.02346847951412201,0.03910152614116669,0.015424119308590889,5
2010-09-01,-0.007675193715840578,-0.007632703986018896,-0.007695543579757214,-0.00775130232796073,-0.007737596053630114,0.0076593575067818165,0.007733751554042101,0.007678037974983454,0.0042386651039123535,0.0009526964277029037,-0.0315651036798954,-0.003904007375240326,-0.008268041536211967,-0.00024389103055000305,0.04409734159708023,0.0033692214637994766,5
2010-10-01,-0.013262098655104637,-0.013212070800364017,-0.013290069997310638,-0.013296223245561123,-0.013349762186408043,0.013221945613622665,0.01328411977738142,0.013255947269499302,0.0033148638904094696,0.004256360232830048,-0.028604114428162575,-0.0018874146044254303,-0.009382134303450584,-0.010393261909484863,0.04491029679775238,0.006032124161720276,5
2010-11-01,-0.012608309276401997,-0.01255280151963234,-0.01263400074094534,-0.012658716179430485,-0.012741676531732082,0.01253038365393877,0.01269795373082161,0.012648280709981918,0.002287350594997406,0.011139936745166779,-0.024690985679626465,0.0036503784358501434,-0.01172015443444252,-0.009038127958774567,0.04752205312252045,0.0034824777394533157,5
2010-12-01,0.005848247557878494,0.0058847712352871895,0.00583534874022007,0.005796103272587061,0.005787258967757225,-0.00588431628420949,-0.005775159690529108,-0.0058275312185287476,0.0092854555696249,0.00671134889125824,-0.02384253218770027,-0.005190141499042511,0.0008515552617609501,-0.014439433813095093,0.04106117784976959,-0.006205452606081963,5
2011-01-01,0.009923442266881466,0.002539650071412325,-0.009950056672096252,0.009922383353114128,0.009876402094960213,-0.009946233592927456,0.00985903013497591,-0.010159017518162727,0.025816384702920914,-0.012796925380825996,0.023008830845355988,-0.0354342944920063,0.015289448201656342,-0.03168744221329689,0.0016009900718927383,-0.016159798949956894,6
2011-02-01,0.0006947990623302758,0.002106337808072567,-0.0007377041038125753,0.0007266117027029395,0.0006830045022070408,-0.0008032289333641529,0.0006402591825462878,-0.0008173648966476321,0.021431613713502884,-0.020169036462903023,0.028708476573228836,-0.054731663316488266,0.015746980905532837,-0.024533823132514954,0.0024362076073884964,-0.02768954634666443,6
2011-03-01,-0.00555452611297369,-0.004405897110700607,0.005588768050074577,-0.005581211298704147,-0.005588218104094267,0.005734472535550594,-0.005549550522118807,0.005774538032710552,0.037185754626989365,-0.012361889705061913,0.029098831117153168,-0.06144215539097786,0.01625126600265503,-0.02773766964673996,-0.0057040974497795105,-0.03710144758224487,6
2011-04-01,-0.007852793671190739,-0.0005850253510288894,0.007873237133026123,-0.007879914715886116,-0.007884773425757885,0.007868984714150429,-0.00789601355791092,0.00792908575385809,0.04463059827685356,-0.02042423002421856,0.0323716439306736,-0.0711233913898468,0.017089642584323883,-0.023080404847860336,-0.012759080156683922,-0.05170544609427452,6
2011-05-01,-0.008607370778918266,-0.0041505685076117516,0.00863143615424633,-0.008625563234090805,-0.008619951084256172,0.008677029982209206,-0.008623701520264149,0.008801864460110664,0.047980520874261856,-0.00968228466808796,0.02646871656179428,-0.058391544967889786,0.012835264205932617,-0.02446848154067993,-0.01884284056723118,-0.05058243125677109,6
2011-06-01,-0.0005206438363529742,-0.0036105301696807146,0.0005403663963079453,-0.000594932003878057,-0.0005901819095015526,0.0006574748549610376,-0.0005644677439704537,0.0007439980981871486,0.044413577765226364,-0.003164958208799362,0.023936031386256218,-0.0597112737596035,0.01278126984834671,-0.021254125982522964,-0.022540444508194923,-0.054861921817064285,6
2011-07-01,-0.027844823896884918,-0.00838298536837101,0.02785356529057026,-0.027860477566719055,-0.027868039906024933,0.02790849283337593,-0.027966473251581192,0.02816653437912464,0.047165725380182266,0.017454253509640694,0.012678373605012894,-0.02550710365176201,0.015464268624782562,-0.03413175791501999,-0.020359518006443977,-0.02576388418674469,6
2011-08-01,-0.02786506526172161,-0.01683940179646015,0.027941463515162468,-0.027872802689671516,-0.02789708971977234,0.02800864353775978,-0.02792803756892681,0.028198136016726494,0.050312791019678116,0.028348255902528763,0.015070494264364243,-0.0068631842732429504,0.010275416076183319,-0.039199914783239365,-0.025347771123051643,-0.009943269193172455,6
2011-09-01,0.03163125365972519,0.023151308298110962,-0.03166859224438667,0.03170764818787575,0.03168709576129913,-0.03175102174282074,0.03177177533507347,-0.031995225697755814,0.04251536354422569,0.027946431189775467,-0.0006660893559455872,0.026028256863355637,0.007335886359214783,-0.03981175273656845,-0.018175004050135612,0.01768467016518116,6
2011-10-01,-0.010427345521748066,-0.0050286538898944855,0.010392327792942524,-0.010399243794381618,-0.010388348251581192,0.010327432304620743,-0.010456092655658722,0.010378530248999596,0.05032169446349144,0.006161971017718315,0.03311335667967796,-0.05080338940024376,0.0007743760943412781,-0.03807830438017845,-0.020525289699435234,-0.033178411424160004,6
2011-11-01,-0.007228458765894175,-0.0003131483681499958,0.007236887700855732,-0.007279162760823965,-0.00723991310223937,0.007176839280873537,-0.007237025536596775,0.00717625766992569,0.05280741676688194,0.014009613543748856,0.010660681873559952,-0.026366110891103745,0.012399278581142426,-0.030558276921510696,-0.018936602398753166,-0.023719508200883865,6
2011-12-01,0.02803376317024231,0.01576877199113369,-0.028051380068063736,0.027979504317045212,0.027996795251965523,-0.028018038719892502,0.028048593550920486,-0.028326908126473427,0.040346380323171616,0.0035307276993989944,0.018337618559598923,-0.03730865195393562,0.016277022659778595,-0.02564733847975731,-0.019198229536414146,-0.03879590332508087,6
2012-01-01,0.006328562740236521,0.006323675625026226,-0.00630974629893899,-0.006351903080940247,-0.006321657449007034,0.006321202963590622,-0.00633096881210804,-0.006210688501596451,-0.023702219128608704,-0.03733216971158981,0.014595399610698223,0.019360410049557686,-0.07433813810348511,-0.012850720435380936,0.026977024972438812,0.001965094357728958,7
2012-02-01,-0.0017519488465040922,-0.0017353511648252606,0.0017338600009679794,0.0017499616369605064,0.0017102076672017574,-0.0017565132584422827,0.0017422552919015288,0.001701275003142655,-0.016344022005796432,-0.0261764544993639,0.002046472392976284,-0.0033100731670856476,-0.04755271598696709,0.0037174206227064133,0.02742644026875496,-0.0025401078164577484,7
2012-03-01,-0.011190216988325119,-0.011151895858347416,0.011170298792421818,0.01121643278747797,0.011170387268066406,-0.01120007410645485,0.011157912202179432,0.011257117614150047,-0.02566644176840782,-0.03331262618303299,0.010613284073770046,-0.005405344069004059,-0.05415799468755722,-0.008710814639925957,0.0333477258682251,-0.00330154225230217,7
2012-04-01,-0.018729349598288536,-0.018681028857827187,0.01871825009584427,0.01876818761229515,0.01869185082614422,-0.01878000982105732,0.01867557317018509,0.018974101170897484,-0.01452065259218216,-0.02711859904229641,0.005120010115206242,-0.011509079486131668,-0.03973511606454849,-0.012491974979639053,0.03471968695521355,-0.003881007432937622,7
2012-05-01,0.004195673391222954,0.004180517978966236,-0.004167286213487387,-0.004245521500706673,-0.004180625081062317,0.004153427667915821,-0.004211327992379665,-0.004292979370802641,-0.019596759229898453,-0.012601127848029137,0.001516890712082386,-0.012294813990592957,-0.010074714198708534,-0.022113136947155,0.03519538789987564,0.008594270795583725,7
2012-06-01,-0.00844496302306652,-0.008484558202326298,0.00853314995765686,0.008453696966171265,0.008468099869787693,-0.00845300406217575,0.008464132435619831,0.008768273517489433,-0.01879594847559929,-0.03599115461111069,0.03262539580464363,0.0070724524557590485,-0.07266388833522797,-0.015536230988800526,0.034315261989831924,0.024474922567605972,7
2012-07-01,0.012836704030632973,0.012828231789171696,-0.012847976759076118,-0.012889393605291843,-0.012819167226552963,0.012851012870669365,-0.012832675129175186,-0.013017680495977402,6.485730409622192e-05,-0.015509631484746933,0.010195991955697536,-0.0009588859975337982,-0.02999252825975418,-0.008561495691537857,0.02949945256114006,0.027182575315237045,7
2012-08-01,0.003347423393279314,0.0033858087845146656,-0.003386514727026224,-0.0033601236063987017,-0.003369869664311409,0.0033206725493073463,-0.0033914418891072273,-0.003405032679438591,-0.012040715664625168,-0.0335376113653183,0.026240713894367218,0.012452386319637299,-0.05704749375581741,-0.013019034639000893,0.03329172730445862,0.02549721673130989,7
2012-09-01,-0.014743782579898834,-0.014765643514692783,0.01478909607976675,0.014745463617146015,0.014745800755918026,-0.014792684465646744,0.014758999459445477,0.014958366751670837,-0.010221809148788452,-0.03276888653635979,0.029763218015432358,0.005528487265110016,-0.0542876161634922,-0.01190887950360775,0.04541859030723572,0.02391839399933815,7
2012-10-01,0.0005000481614843011,0.0004872758872807026,-0.0004937597550451756,-0.0004958424251526594,-0.0004960794467478991,0.0005257627926766872,-0.00047933508176356554,-0.0005820702062919736,-0.024851150810718536,-0.03487680107355118,0.030402623116970062,-0.015248782932758331,-0.03478945791721344,-0.021541140973567963,0.039965808391571045,0.01693126931786537,7
2012-11-01,0.00867682509124279,0.008659922517836094,-0.00867660716176033,-0.008661759085953236,-0.008693222887814045,0.008711895905435085,-0.008657635189592838,-0.00883642490953207,-0.009299017488956451,-0.03645762801170349,0.029646683484315872,-0.005520939826965332,-0.06080859526991844,-0.009879954159259796,0.04240995645523071,0.004930373281240463,7
2012-12-01,0.0013312081573531032,0.0013584919506683946,-0.0013436588924378157,-0.0013455883599817753,-0.001323692500591278,0.001355312648229301,-0.0013444973155856133,-0.0013309514615684748,-0.031195521354675293,-0.036173366010189056,0.028821133077144623,-0.0070646777749061584,-0.052648428827524185,-0.01614420861005783,0.04106903821229935,0.014111209660768509,7
2013-01-01,0.0033241170458495617,-0.0030371523462235928,0.003000644501298666,0.0030284845270216465,0.0031363172456622124,-0.003017630660906434,-0.003114562015980482,0.003324131015688181,-0.009449473582208157,-0.004830121994018555,-0.03353588655591011,-0.00022540846839547157,0.009152309969067574,0.014809634536504745,-0.006206147372722626,-0.007523718290030956,8
2013-02-01,0.001028663944453001,-0.001153261517174542,0.001159543520770967,0.001146648428402841,0.0011362823424860835,-0.0011522695422172546,-0.0011185889597982168,0.0010001943446695805,-0.017746226862072945,-0.0011463724076747894,-0.03256502375006676,-0.01480155810713768,0.001096036285161972,0.0140325166285038,-0.0025520287454128265,-0.01070194412022829,8
2013-03-01,0.0035098837688565254,-0.0033447081223130226,0.003338802605867386,0.003358044195920229,0.0034277259837836027,-0.003355630673468113,-0.0034273017663508654,0.0034911304246634245,-0.005933775566518307,-0.0021509453654289246,-0.03403116762638092,-0.00307407695800066,0.010360239073634148,0.01371501013636589,-0.006340358406305313,-0.005560639314353466,8
2013-04-01,-0.012974536046385765,0.012739431113004684,-0.012754267081618309,-0.012834877707064152,-0.012850617058575153,0.012785769999027252,0.01281579677015543,-0.012958991341292858,-0.017532434314489365,0.008727055042982101,-0.03818279132246971,-0.011606328189373016,0.00810413807630539,0.01379748061299324,-0.010491836816072464,-0.012205407954752445,8
2013-05-01,-0.00249009532853961,0.002231918042525649,-0.0022085714153945446,-0.002211073413491249,-0.0022784825414419174,0.002212377730756998,0.002233305014669895,-0.0024364374112337828,-0.011916637420654297,-0.005142319947481155,-0.019106585532426834,-0.005597727373242378,-0.003330724313855171,0.012685723602771759,0.009980279952287674,-0.0059823328629136086,8
2013-06-01,-0.010278685949742794,0.00988151878118515,-0.009865173138678074,-0.009884826838970184,-0.009965128265321255,0.009871437214314938,0.009922512806952,-0.010300999507308006,-0.010030501522123814,-0.008485238999128342,-0.02556559070944786,-0.013057539239525795,-0.006357396021485329,0.014101441949605942,0.0036077089607715607,-0.004171936772763729,8
2013-07-01,-0.0009589477558620274,0.00045660510659217834,-0.0004220958217047155,-0.0004953554598614573,-0.000628619862254709,0.00044316911953501403,0.0005877753719687462,-0.0009569810936227441,-0.010975286364555359,-0.002831127494573593,-0.03411798179149628,0.0011008991859853268,0.005839167162775993,0.014103155583143234,-0.004325781017541885,-0.008002069778740406,8
2013-08-01,-0.006749938707798719,0.007076770067214966,-0.007062780670821667,-0.007083666045218706,-0.007077268790453672,0.0070710135623812675,0.007109116297215223,-0.006751468405127525,-0.03264900669455528,-0.033805329352617264,-0.02415068820118904,-0.00912364199757576,-0.02298794686794281,0.02083073928952217,-0.0060739703476428986,0.0016650920733809471,8
2013-09-01,0.010685999877750874,-0.010567259043455124,0.010595533065497875,0.010624250397086143,0.010626643896102905,-0.010601016692817211,-0.01060483232140541,0.010683420114219189,-0.014004383236169815,-0.015154574066400528,-0.029380666092038155,0.004899687599390745,-0.014363238587975502,0.01609688624739647,-0.0010459311306476593,0.004574925638735294,8
2013-10-01,-0.008736089803278446,0.00869795773178339,-0.008689547888934612,-0.008719624020159245,-0.00876433216035366,0.008698461577296257,0.008751001209020615,-0.008748514577746391,-0.010519854724407196,-0.005903858691453934,-0.03662438690662384,0.010706378147006035,-0.002854634076356888,0.011899858713150024,-0.011994171887636185,0.001695052720606327,8
2013-11-01,-0.000743571319617331,0.0004651607887353748,-0.0004343347973190248,-0.0004977303324267268,-0.0006104856729507446,0.0004536853521130979,0.0005916855297982693,-0.0007420552428811789,-0.006379042752087116,-0.010538306087255478,-0.02935009077191353,0.002095502335578203,-0.0031684841960668564,0.010446347296237946,-0.001618552953004837,-0.002741183154284954,8
2013-12-01,-0.007287993095815182,0.007330555003136396,-0.007379249203950167,-0.007371107116341591,-0.007379814982414246,0.00736285001039505,0.007372956722974777,-0.007264035753905773,-0.015981383621692657,-0.014768943190574646,-0.033255044370889664,0.004302226938307285,-0.009473569691181183,0.013180762529373169,-0.008031126111745834,-0.005707253701984882,8
2014-01-01,0.004369007423520088,0.004363025072962046,-0.0043922001495957375,0.004378734156489372,0.004379349760711193,-0.004377463366836309,0.004369594156742096,-0.004378277342766523,-0.004776801913976669,0.02514469623565674,0.0020231716334819794,-0.06545457988977432,0.012888949364423752,0.0379047617316246,0.025191079825162888,0.004487745463848114,9
2014-02-01,-0.01375829242169857,-0.013757730834186077,0.013916256837546825,-0.01383216679096222,-0.013783340342342854,0.013843871653079987,-0.013756861910223961,0.013810398988425732,-0.017306506633758545,0.037135012447834015,0.012468066066503525,-0.045275501906871796,-0.0014072917401790619,0.03403990715742111,0.01744414120912552,-0.01538046170026064,9
2014-03-01,-0.018290646374225616,-0.018315088003873825,0.018515557050704956,-0.018342213705182076,-0.018323084339499474,0.018337735906243324,-0.018333064392209053,0.018332589417696,-0.02450179122388363,0.03722424432635307,0.0044784508645534515,-0.04085395485162735,0.0015890654176473618,0.05544883757829666,0.02147478610277176,-0.02221299335360527,9
2014-04-01,-0.004503985866904259,-0.0045162648893892765,0.004456465132534504,-0.0044995564967393875,-0.004502366296947002,0.0045068515464663506,-0.004501064773648977,0.004476690664887428,-0.023313947021961212,0.041663262993097305,0.001011766493320465,-0.055876992642879486,0.0010931072756648064,0.03972872346639633,0.012331102043390274,-0.015365357510745525,9
2014-05-01,0.01545712910592556,0.015487192198634148,-0.01566680520772934,0.015519153326749802,0.015492279082536697,-0.015509868040680885,0.015504460781812668,-0.01550585962831974,-0.01924915611743927,0.041837114840745926,0.0036499537527561188,-0.03754771500825882,-0.0011050775647163391,0.0332752987742424,0.032770488411188126,-0.013891257345676422,9
2014-06-01,-0.012591280043125153,-0.012643303722143173,0.012836387380957603,-0.012673120945692062,-0.012638993561267853,0.012669719755649567,-0.012666646391153336,0.012643041089177132,-0.020341994240880013,0.038936976343393326,0.007370159029960632,-0.03511215001344681,-0.0033472292125225067,0.037360161542892456,0.039478860795497894,-0.011163019575178623,9
2014-07-01,0.006417570635676384,0.006410491187125444,-0.006521224044263363,0.00646522082388401,0.0064261360093951225,-0.006488850340247154,0.006432746071368456,-0.0064355675131082535,-0.020267875865101814,0.031117115169763565,-0.006781198084354401,-0.06489775329828262,0.01718861237168312,0.035746391862630844,0.032367344945669174,-0.010806972160935402,9
2014-08-01,-0.011096651665866375,-0.011108878068625927,0.01123553141951561,-0.01116624753922224,-0.011115644127130508,0.01117385271936655,-0.011104782111942768,0.011143004521727562,-0.019889380782842636,0.03849367797374725,0.009659826755523682,-0.04160911589860916,-0.009034617803990841,0.03149734064936638,0.02501240186393261,-0.013666285201907158,9
2014-09-01,0.0034022866748273373,0.00345921260304749,-0.003428070340305567,0.003366690594702959,0.0034143938682973385,-0.0033161111641675234,0.003479011356830597,-0.003374348860234022,-0.019533775746822357,0.03883948177099228,-0.01639275997877121,-0.05353034287691116,0.02664274349808693,0.02913234382867813,0.029177827760577202,-0.01153659913688898,9
2014-10-01,-0.010938333347439766,-0.010964784771203995,0.011149655096232891,-0.011031387373805046,-0.011002850718796253,0.011030863970518112,-0.010954716242849827,0.011007844470441341,-0.005918379873037338,0.013977684080600739,0.006505254656076431,-0.0531998947262764,-0.0018893815577030182,0.055003512650728226,0.014350482262670994,-0.007440879940986633,9
2014-11-01,0.0061248778365552425,0.006152006797492504,-0.006102851592004299,0.006119713652879,0.00613555870950222,-0.006142534781247377,0.006139080505818129,-0.00609577214345336,-0.02266373485326767,0.04359370470046997,-0.007567781955003738,-0.03171513229608536,0.010892817750573158,0.026210123673081398,0.03745907172560692,-0.017265772446990013,9
2014-12-01,-0.007750656921416521,-0.00775499502196908,0.007875664159655571,-0.00780148571357131,-0.007790055125951767,0.007821849547326565,-0.007757648825645447,0.007775175850838423,-0.007452787831425667,0.005615968257188797,-0.005175348371267319,-0.04490590840578079,0.006523830816149712,0.0695822685956955,0.02161404862999916,-0.012375831604003906,9
2015-01-01,0.008676474913954735,0.008682246319949627,-0.008700121194124222,0.008673645555973053,-0.008689911104738712,0.008689058013260365,-0.008700056932866573,0.008690077811479568,-0.0011547543108463287,-0.0293570626527071,0.03872015327215195,-0.01989354006946087,-0.01655833050608635,0.004045146517455578,0.022690104320645332,-0.0033152401447296143,10
2015-02-01,-0.0022842625621706247,-0.0023016557097434998,0.0023119738325476646,-0.00227560056373477,0.002317513106390834,-0.002316663507372141,0.002298477105796337,-0.0023088986054062843,0.0019039995968341827,-0.07409100979566574,-0.020202934741973877,-0.03974886238574982,0.023769360035657883,-0.002786966972053051,0.023286549374461174,-0.032620299607515335,10
2015-03-01,0.004429073538631201,0.0044157663360238075,-0.004403622820973396,0.00438849488273263,-0.004415247123688459,0.004399902652949095,-0.004426772706210613,0.00442467350512743,0.0005211979150772095,-0.04304950684309006,0.0026793628931045532,-0.02243029512465,0.005520496517419815,0.003113190643489361,0.02254813350737095,-0.011530892923474312,10
2015-04-01,0.004808433353900909,0.004802957642823458,-0.004781786352396011,0.004782708361744881,-0.00482160272076726,0.004817797802388668,-0.004738750867545605,0.004786995239555836,0.007849454879760742,-0.03613201156258583,0.0015161186456680298,-0.01195845752954483,0.017298605293035507,0.01563054323196411,0.03554803133010864,-0.013379208743572235,10
2015-05-01,0.0024709643330425024,0.0024669324047863483,-0.0024603118654340506,0.0024603502824902534,-0.002474620006978512,0.0024859588593244553,-0.002475095447152853,0.002465862547978759,0.004019703716039658,-0.05101015418767929,-0.01511189341545105,-0.032645560801029205,0.01187548041343689,0.0032460615038871765,0.01164667122066021,-0.013486731797456741,10
2015-06-01,-0.018992075696587563,-0.018977755680680275,0.018989890813827515,-0.019025100395083427,0.019014829769730568,-0.018969299271702766,0.018976163119077682,-0.0189687330275774,0.003433872014284134,-0.02872570790350437,0.01062261313199997,-0.01970650814473629,0.002863418310880661,0.0064652967266738415,0.019967688247561455,-0.0032587088644504547,10
2015-07-01,-0.00999236386269331,-0.009990660473704338,0.009997760877013206,-0.009992089122533798,0.009968898259103298,-0.009978181682527065,0.01001177541911602,-0.009992580860853195,0.009917434304952621,-0.0724368616938591,-0.007810778915882111,-0.038728561252355576,0.01441081240773201,-0.011086949147284031,0.02404051460325718,-0.02532387338578701,10
2015-08-01,-0.030994968488812447,-0.030987253412604332,0.030984502285718918,-0.031009016558527946,0.03100462257862091,-0.030979420989751816,0.030985936522483826,-0.030997762456536293,0.050347812473773956,-0.09358211606740952,0.07487419992685318,-0.02128453552722931,0.04876343533396721,-0.06042755767703056,0.054465584456920624,-0.030980240553617477,10
2015-09-01,0.00234035961329937,0.0023238081485033035,-0.002319105202332139,0.002284734044224024,-0.0023683481849730015,0.002362511120736599,-0.002341183600947261,0.0023366520181298256,0.0028566084802150726,-0.07189442962408066,0.015834566205739975,-0.04425851255655289,-0.012185141444206238,-0.004454613663256168,0.01812395267188549,-0.03106970153748989,10
2015-10-01,0.014123493805527687,0.014117717742919922,-0.014128821901977062,0.01412414014339447,-0.01414280105382204,0.014137215912342072,-0.014090334996581078,0.014107134193181992,0.006863366812467575,-0.0677659660577774,-0.015874017030000687,-0.03816624730825424,0.027052994817495346,-0.005901099182665348,0.017412306740880013,-0.026865364983677864,10
2015-11-01,-0.008439387194812298,-0.008429308421909809,0.0084510687738657,-0.008462641388177872,0.008483318611979485,-0.00843432080000639,0.008423901163041592,-0.008413868956267834,0.000842653214931488,-0.04985082894563675,-0.008777078241109848,-0.027690580114722252,0.008619654923677444,0.0007417770102620125,0.0101544838398695,-0.007060840725898743,10
2015-12-01,-0.03586629778146744,-0.03585188835859299,0.03586127981543541,-0.03581943362951279,0.03591536357998848,-0.03590622544288635,0.03586262837052345,-0.03585556522011757,0.016674809157848358,-0.01727241277694702,0.03088543564081192,-0.018574928864836693,0.006259612739086151,0.004164593294262886,0.013328876346349716,0.0037466250360012054,10
2016-01-01,-0.0016911518760025501,0.0017252007964998484,0.0016432040138170123,0.001703983056358993,0.0016704523004591465,0.001663407776504755,-0.0017315081786364317,0.001767667243257165,-0.010929029434919357,0.011267285794019699,-0.021738668903708458,-0.030980944633483887,-0.009118013083934784,0.002393145114183426,-0.00704193115234375,-0.023715415969491005,11
2016-02-01,0.011044694110751152,-0.011080844327807426,-0.011058942414820194,-0.011000050231814384,-0.011004728265106678,-0.011080261319875717,0.010978278703987598,-0.01099754124879837,-0.01558777503669262,0.014435897581279278,-0.033532604575157166,-0.02810821682214737,-0.027943994849920273,0.006472591310739517,-0.006177499890327454,-0.0201471708714962,11
2016-03-01,0.017771555110812187,-0.017829108983278275,-0.01776142232120037,-0.017783742398023605,-0.017725249752402306,-0.017764149233698845,0.017773190513253212,-0.01781253144145012,-0.0020867623388767242,-0.01267259381711483,-0.0054083410650491714,-0.006790554150938988,-0.02062072977423668,-0.012144077569246292,-0.04514385759830475,-0.034611351788043976,11
2016-04-01,-0.005702603608369827,0.005736553575843573,0.005707721225917339,0.005706599913537502,0.005683901719748974,0.005689405836164951,-0.005733410362154245,0.005738086067140102,-0.005398178473114967,0.0008177105337381363,0.007154453545808792,-0.011711876839399338,-0.021839888766407967,-0.02198060229420662,-0.038939058780670166,-0.05411752685904503,11
2016-05-01,-0.004939872771501541,0.004975289572030306,0.004937328398227692,0.004929232411086559,0.004926320631057024,0.004909987561404705,-0.004975698888301849,0.005007485393434763,0.002966906875371933,-0.009980900213122368,0.009296080097556114,-0.004648062400519848,-0.007004428654909134,-0.01938776671886444,-0.04525984823703766,-0.020358771085739136,11
2016-06-01,0.018777549266815186,-0.018763532862067223,-0.018784627318382263,-0.018853720277547836,-0.018820688128471375,-0.018768034875392914,0.01886531338095665,-0.018819428980350494,-0.013362184166908264,0.004688350483775139,-0.026875080540776253,-0.029574427753686905,-0.00719761848449707,0.003945458680391312,-0.039428651332855225,-0.013122761622071266,11
2016-07-01,0.00547714764252305,-0.005432717502117157,-0.005461921915411949,-0.005491361487656832,-0.005500113125890493,-0.0054837497882544994,0.005485364701598883,-0.005445823073387146,0.0008979197591543198,-0.006171135231852531,0.006483620032668114,-0.004761909134685993,-0.010230984538793564,-0.02268962934613228,-0.05557643622159958,-0.030076930299401283,11
2016-08-01,0.014214418828487396,-0.01423860527575016,-0.014223705045878887,-0.01422275323420763,-0.014184227213263512,-0.014214647933840752,0.014221117831766605,-0.014237042516469955,0.004989791661500931,-0.002701288089156151,0.017951874062418938,-0.010343525558710098,-0.00597795844078064,-0.0361902117729187,-0.06404462456703186,-0.04504499211907387,11
2016-09-01,-0.025384696200489998,0.025458429008722305,0.02537403255701065,0.02534632384777069,0.025327827781438828,0.025380507111549377,-0.02536744251847267,0.02541082352399826,0.0006383750587701797,-0.0015605781227350235,-0.0012112874537706375,-0.015132262371480465,-0.008000459522008896,-0.007753722369670868,-0.05208076536655426,-0.03066568821668625,11
2016-10-01,0.012339313514530659,-0.012440629303455353,-0.012360338121652603,-0.012325350195169449,-0.012319463305175304,-0.012321602553129196,0.012312584556639194,-0.01237377431243658,-0.0065593421459198,-0.012752989307045937,0.02781323902308941,-0.017231807112693787,0.0039329566061496735,-0.025484852492809296,-0.02688661217689514,-0.043386802077293396,11
2016-11-01,-0.007699130568653345,0.007677936926484108,0.0077181002125144005,0.007734493352472782,0.0076902639120817184,0.007727849297225475,-0.007722723297774792,0.007697229739278555,0.0007425025105476379,0.02729313261806965,0.004394590854644775,0.006092258729040623,-0.013908863067626953,-0.008320372551679611,-0.04888200759887695,-0.025812488049268723,11
2016-12-01,0.0024330592714250088,-0.002416076138615608,-0.0024088947102427483,-0.002443162724375725,-0.002438407391309738,-0.002437288174405694,0.002467468846589327,-0.00244333129376173,0.0010543018579483032,-0.002832982689142227,0.03989388793706894,-0.0011644158512353897,0.004499100148677826,-0.032682109624147415,-0.05473622679710388,-0.033700354397296906,11
2017-01-01,0.0025125781539827585,-0.0025128633715212345,-0.0024589654058218002,0.0024531353265047073,0.002431016182526946,-0.002483872463926673,0.002455360721796751,-0.0025139334611594677,0.024067968130111694,0.021030038595199585,-0.0005505084991455078,0.04491407424211502,-0.005358964204788208,-0.013414593413472176,-0.04020107164978981,-0.050308480858802795,12
2017-02-01,-0.0002561806468293071,0.0002477734233252704,0.0002486182493157685,-0.0002538552798796445,-0.0002633647818583995,0.00024384463904425502,-0.0002650081878527999,0.00025917275343090296,0.02722970023751259,0.021960748359560966,-0.008113157004117966,0.04258868470788002,-0.002846168354153633,-0.013892494142055511,-0.04876241460442543,-0.047809816896915436,12
2017-03-01,0.0017438282957300544,-0.0017604505410417914,-0.001788569730706513,0.0017275568097829819,0.0016980837099254131,-0.001728147268295288,0.0017122994177043438,-0.001731041120365262,0.030680574476718903,0.01680123247206211,0.0022725723683834076,0.0412224642932415,-0.005001354962587357,-0.01669987663626671,-0.030169343575835228,-0.04408273845911026,12
2017-04-01,0.007094818167388439,-0.007161433342844248,-0.0071761468425393105,0.007043309509754181,0.007032923866063356,-0.007059494964778423,0.0070613049902021885,-0.007068354170769453,0.037175193428993225,0.01493215560913086,-0.004995610564947128,0.046361956745386124,0.002290697768330574,-0.017559248954057693,-0.02968600019812584,-0.0475948192179203,12
2017-05-01,-0.015590368770062923,0.01562469732016325,0.01564997434616089,-0.015638748183846474,-0.01562526822090149,0.015607559122145176,-0.015577079728245735,0.01557735726237297,0.02342098020017147,0.0227451603859663,-0.008222727105021477,0.04322299733757973,-0.006291564553976059,-0.018672462552785873,-0.05827511101961136,-0.033798348158597946,12
2017-06-01,0.001064607291482389,-0.0010285130701959133,-0.0010401271283626556,0.0010757772251963615,0.0010440154001116753,-0.0010624778224155307,0.0010105000110343099,-0.001053179381415248,0.032522112131118774,0.011559264734387398,-0.005096876993775368,0.04850498214364052,0.00476788729429245,-0.011077526956796646,-0.021738041192293167,-0.06863079965114594,12
2017-07-01,0.0008106157183647156,-0.0008437370415776968,-0.0008550540078431368,0.0007943385280668736,0.0007947044214233756,-0.0007940677460283041,0.0007965632248669863,-0.0007898551411926746,0.029112236574292183,0.01836279034614563,-0.0055641960352659225,0.05361511558294296,0.0022044945508241653,-0.017171595245599747,-0.040845416486263275,-0.05743340775370598,12
2017-08-01,-0.013540015555918217,0.013591374270617962,0.013685241341590881,-0.013584357686340809,-0.013514909893274307,0.013534631580114365,-0.013468706049025059,0.013478893786668777,0.018093999475240707,0.018970569595694542,-0.014941835775971413,0.04431864619255066,0.007849115878343582,-0.020222242921590805,-0.050311602652072906,-0.04636918380856514,12
2017-09-01,0.013688202947378159,-0.013716433197259903,-0.013774671591818333,0.013714623637497425,0.013692904263734818,-0.013676741160452366,0.013661567121744156,-0.013632254675030708,0.04931699484586716,0.002954800147563219,-0.0028899963945150375,0.050716180354356766,0.012409496121108532,-0.0006254687905311584,-0.009685516357421875,-0.07416088879108429,12
2017-10-01,-0.0019372458336874843,0.0019429230596870184,0.0019517402397468686,-0.0019766297191381454,-0.002013919409364462,0.001962188398465514,-0.0020042075775563717,0.001958630047738552,0.028015051037073135,0.026579635217785835,-0.022214598953723907,0.04634275287389755,0.0038656536489725113,-0.0226723812520504,-0.040593575686216354,-0.05518088489770889,12
2017-11-01,-0.0024103461764752865,0.00241106771863997,0.0024318480864167213,-0.0024031884968280792,-0.0024179965257644653,0.002419772557914257,-0.0024203392677009106,0.0024301474913954735,0.048023771494627,0.020226191729307175,0.0017497055232524872,0.0499405711889267,-0.01628688909113407,-0.03418603166937828,-0.0424690842628479,-0.037566397339105606,12
2017-12-01,0.0038181908894330263,-0.0038259264547377825,-0.0038405945524573326,0.003807778935879469,0.0037389430217444897,-0.003806671127676964,0.0037063811905682087,-0.0037907336372882128,0.04545736312866211,0.019982462748885155,0.008269201964139938,0.05523541942238808,-0.0141176488250494,-0.019519018009305,-0.04740486294031143,-0.04531136900186539,12
2018-01-01,-0.006227520294487476,0.006196426227688789,0.006191994994878769,-0.0061871567741036415,-0.006177576724439859,0.006162417121231556,-0.006221340037882328,0.006243791431188583,0.03640171140432358,0.020686639472842216,0.008654613979160786,-0.0003550797700881958,-0.07608480006456375,0.009100260213017464,0.02750447578728199,0.012155238538980484,13
2018-02-01,0.0006853034137748182,-0.0006866630865260959,-0.0006992805865593255,0.0007094037719070911,0.0006891617085784674,-0.0006873220554552972,0.0006953603588044643,-0.0006859601126052439,0.021874062716960907,-0.029657091945409775,-0.017363110557198524,-0.01375056803226471,0.00351944612339139,0.03700627014040947,-0.008595500141382217,0.011075232177972794,13
2018-03-01,-0.0040868367068469524,0.004086359404027462,0.004075785167515278,-0.004094542935490608,-0.004089054651558399,0.00409434549510479,-0.004074477590620518,0.004093878902494907,0.017905665561556816,-0.03274944797158241,0.009131708182394505,0.007952354848384857,-0.017177700996398926,0.03895111754536629,0.032176390290260315,0.006247382611036301,13
2018-04-01,-0.023359300568699837,0.0233317743986845,0.023296203464269638,-0.02329067513346672,-0.023293495178222656,0.02326965518295765,-0.02338576316833496,0.023327546194195747,0.013251706957817078,-0.011080224066972733,0.01216594036668539,0.004705142229795456,-0.026813916862010956,-0.007079149130731821,0.04066133871674538,0.009761422872543335,13
2018-05-01,-0.004362589213997126,0.004380275961011648,0.00432777963578701,-0.00431474344804883,-0.004328045528382063,0.0043001119047403336,-0.004357031546533108,0.004334563389420509,0.02789955586194992,0.0017066262662410736,0.007785783149302006,-0.014304131269454956,-0.05021167919039726,-0.018604392185807228,0.03475381061434746,0.03219129890203476,13
2018-06-01,0.012362095527350903,-0.01235872507095337,-0.01229532714933157,0.012309180572628975,0.012283086776733398,-0.012290495447814465,0.012358258478343487,-0.012356185354292393,0.022293612360954285,-0.0166669562458992,0.01214891392737627,0.014362916350364685,-0.02746611088514328,0.062444429844617844,0.035398077219724655,0.010383039712905884,13
2018-07-01,-0.014642685651779175,0.014665728434920311,0.014636167325079441,-0.014642689377069473,-0.014622390270233154,0.014603326097130775,-0.014682620763778687,0.014648841693997383,0.012291213497519493,-0.003978598862886429,0.01760435849428177,0.019776970148086548,-0.03608100861310959,0.012857899069786072,0.034918054938316345,0.0023901499807834625,13
2018-08-01,0.007619000971317291,-0.007612512446939945,-0.007593021262437105,0.007583852391690016,0.007590050343424082,-0.007592362817376852,0.007611772045493126,-0.007606100291013718,0.024707335978746414,0.01160377636551857,0.009438292123377323,-0.014370311051607132,-0.04837295413017273,-0.01179492473602295,0.023173661902546883,0.030701911076903343,13
2018-09-01,0.0211641862988472,-0.0211168322712183,-0.021110281348228455,0.02109588123857975,0.021107740700244904,-0.021103987470269203,0.021132230758666992,-0.021146856248378754,0.013758398592472076,-0.0064498670399188995,0.013760215602815151,0.010362554341554642,-0.029900502413511276,0.01918831840157509,0.033542830497026443,0.00922689214348793,13
2018-10-01,0.014057000167667866,-0.014032457955181599,-0.014032397419214249,0.014015561901032925,0.014059134759008884,-0.014060724526643753,0.014014219865202904,-0.014049121178686619,0.0004830397665500641,-0.0271504707634449,-0.019549453631043434,-0.009321469813585281,-0.009442700073122978,-0.013384226709604263,0.0018053315579891205,-0.025071416050195694,13
2018-11-01,0.012263575568795204,-0.012310197576880455,-0.012247499078512192,0.01224511954933405,0.01219983771443367,-0.012226766906678677,0.01234365999698639,-0.012268688529729843,0.013576017692685127,-0.014277461916208267,0.013594240881502628,0.03184407949447632,-0.03558478504419327,0.044415514916181564,0.03312912583351135,-0.00340845063328743,13
2018-12-01,-0.02382487803697586,0.023784639313817024,0.023781966418027878,-0.02376953884959221,-0.023758364841341972,0.023760303854942322,-0.023861873894929886,0.023821789771318436,0.0018050186336040497,-0.013656508177518845,-0.01528846099972725,-0.016994670033454895,-0.0032546180300414562,0.03190328925848007,0.006592363119125366,-0.001904267817735672,13
2019-01-01,-0.008118150755763054,-0.008166516199707985,0.008125022985041142,0.008205280639231205,-0.00811763759702444,-0.008120857179164886,0.008125375024974346,0.008217421360313892,-0.0038626734167337418,-0.039948031306266785,-0.018345914781093597,-0.0016015730798244476,-0.02558796852827072,0.007065027952194214,0.014730425551533699,0.015692399814724922,14
2019-02-01,0.006212922744452953,0.006297099404036999,-0.006193538196384907,-0.006342818029224873,0.006223608274012804,0.006253609899431467,-0.006270688958466053,-0.006365269888192415,0.009388845413923264,-0.030516639351844788,-0.01339862123131752,-0.012829925864934921,-0.02056102454662323,-0.009310681372880936,-0.023383574560284615,-0.0007901228964328766,14
2019-03-01,0.009199085645377636,0.00918654166162014,-0.009218334220349789,-0.009233806282281876,0.009221415966749191,0.009203723631799221,-0.009198170155286789,-0.009238243103027344,0.018166225403547287,-0.021692834794521332,0.009005952626466751,0.0009016655385494232,-0.026713423430919647,-0.00896657258272171,-0.044523246586322784,-0.017041228711605072,14
2019-04-01,0.01292503997683525,0.01288104522973299,-0.012951444834470749,-0.01285215187817812,0.012934572994709015,0.012910492718219757,-0.012907235883176327,-0.012853474356234074,0.002827554941177368,-0.002798408269882202,-0.01897292584180832,0.0011759251356124878,-0.00799986906349659,-0.00748974084854126,-0.02602306753396988,0.006794825196266174,14
2019-05-01,-0.0007670731283724308,-0.0007599496748298407,0.0007503338274545968,0.0007600210956297815,-0.0007747210329398513,-0.0007634501671418548,0.0007940572104416788,0.0007057134062051773,0.016384795308113098,0.01949804648756981,0.02309567853808403,-0.011347208172082901,-0.005760699510574341,-0.01607857644557953,-0.05494052916765213,-0.009015694260597229,14
2019-06-01,0.006365347653627396,0.00637748371809721,-0.006413586437702179,-0.006434620823711157,0.006374252960085869,0.0063721975311636925,-0.006368568167090416,-0.006400741171091795,0.001296069473028183,-0.019491493701934814,-0.02309906855225563,0.005034472793340683,-0.020011015236377716,-0.013164650648832321,-0.013612167909741402,0.014275845140218735,14
2019-07-01,0.016436923295259476,0.016414344310760498,-0.01644280180335045,-0.016422942280769348,0.016453761607408524,0.016443299129605293,-0.016442935913801193,-0.016345489770174026,0.0018194913864135742,0.0048271045088768005,0.0004199296236038208,-0.002439800649881363,-0.01536058634519577,-0.0303809717297554,-0.024950552731752396,0.0028427541255950928,14
2019-08-01,0.005432343576103449,0.005386104341596365,-0.005425126291811466,-0.005383787211030722,0.005412306170910597,0.005404397379606962,-0.005386464297771454,-0.005306803621351719,0.010283078998327255,0.007179666310548782,0.02478419989347458,0.0024458877742290497,-0.02125607058405876,-0.02591877616941929,-0.038677118718624115,-0.015560775995254517,14
2019-09-01,-0.0018922495655715466,-0.0019064097432419658,0.0018520824378356338,0.0018958585569635034,-0.0019063701620325446,-0.0019117951160296798,0.0019221850670874119,0.001905624521896243,-0.007996749132871628,0.00874936580657959,-0.04570586606860161,0.0035027004778385162,0.03466368466615677,-0.022238561883568764,-0.02286563068628311,0.026604624465107918,14
2019-10-01,-0.01150889415293932,-0.011527576483786106,0.01152811013162136,0.011557756923139095,-0.011529994197189808,-0.011531272903084755,0.01153668574988842,0.011489029973745346,0.01491936668753624,-0.03322255611419678,-0.016132012009620667,0.001146797090768814,-0.026549749076366425,-0.012636357918381691,-0.026187770068645477,-0.005939744412899017,14
2019-11-01,-0.01501904334872961,-0.014985473826527596,0.015008880756795406,0.014981010928750038,-0.015036886557936668,-0.015021797269582748,0.015019948594272137,0.014964490197598934,0.005497526377439499,-0.02678792178630829,-0.01160360500216484,0.0028225332498550415,-0.021817684173583984,-0.005870703607797623,-0.01039884053170681,0.019589507952332497,14
2019-12-01,0.014158458448946476,0.014191601425409317,-0.014187411405146122,-0.014201762154698372,0.0141812888905406,0.014159663580358028,-0.014137990772724152,-0.0142550989985466,-0.005610454827547073,0.0005608722567558289,-0.026723146438598633,-0.0018343739211559296,-0.001996699720621109,-0.01968604326248169,-0.02178078144788742,0.028296278789639473,14
2020-01-01,0.006936278194189072,-0.006904704496264458,-0.006965236272662878,0.006941418629139662,-0.007023932412266731,-0.0069799888879060745,-0.00697128102183342,0.00694255018606782,-0.039231352508068085,-0.00404057651758194,-0.012734044343233109,-0.015161532908678055,0.018437135964632034,-0.024325229227542877,0.0010411865077912807,0.03688386455178261,15
2020-02-01,-0.04061977565288544,0.040534086525440216,0.04070962592959404,-0.040597692131996155,0.04073242098093033,0.04071655869483948,0.040652692317962646,-0.04061755910515785,-0.01417648047208786,0.008991174399852753,0.001112125813961029,-0.02350979670882225,-0.01024271547794342,-0.025856604799628258,0.018088536337018013,0.028152592480182648,15
2020-03-01,0.0487385056912899,-0.04867510870099068,-0.0488625206053257,0.04872250556945801,-0.04893742874264717,-0.048900362104177475,-0.048774976283311844,0.0487707145512104,-0.0008435416966676712,0.009575240314006805,0.018688855692744255,-0.0067545510828495026,-0.02425914816558361,-0.020964786410331726,0.014952274039387703,0.030430112034082413,15
2020-04-01,0.009795320220291615,-0.009761604480445385,-0.009804992005228996,0.009826106950640678,-0.009832738898694515,-0.009763924404978752,-0.009836466051638126,0.009740760549902916,0.034815095365047455,0.027933068573474884,0.04605342447757721,0.0126594677567482,-0.010402344167232513,-0.022857099771499634,-0.02601476013660431,0.03036438301205635,15
2020-05-01,0.023822609335184097,-0.023825710639357567,-0.023882701992988586,0.02388228103518486,-0.02386554330587387,-0.023801293224096298,-0.02386227622628212,0.02378983050584793,0.01859484612941742,0.006336763501167297,0.026297476142644882,-0.010703612118959427,-0.0004470720887184143,-0.004291009157896042,-0.0543232262134552,0.013870545662939548,15
2020-06-01,-0.01134356390684843,0.011344059370458126,0.011354561895132065,-0.01136859506368637,0.011288034729659557,0.011271259747445583,0.011325119994580746,-0.011304108425974846,0.003001224249601364,0.01501302421092987,0.023323439061641693,-0.011230282485485077,0.0034344643354415894,0.01062721386551857,-0.05730193108320236,0.004529645666480064,15
2020-07-01,0.016577858477830887,-0.0165735874325037,-0.016566066071391106,0.016574233770370483,-0.016530416905879974,-0.01653013564646244,-0.016560455784201622,0.016522513702511787,0.016144979745149612,0.008208412677049637,0.020636456087231636,-0.02153819426894188,0.005357000976800919,0.0034143775701522827,-0.06352974474430084,0.022594748064875603,15
2020-08-01,-0.002325026085600257,0.0023596209939569235,0.0022538250777870417,-0.0023227944038808346,0.002200550166890025,0.0022484776563942432,0.002283001085743308,-0.0022915631998330355,-0.003931976854801178,0.016895577311515808,0.005155738443136215,-0.011357102543115616,0.020114291459321976,0.01234215497970581,-0.0930982381105423,0.019695529714226723,15
2020-09-01,0.0016973249148577452,-0.001715916208922863,-0.0016950526041910052,0.0016983193345367908,-0.0016957791522145271,-0.0017253693658858538,-0.001689227530732751,0.0017259776359423995,-0.0036260411143302917,0.0032489895820617676,0.012659216299653053,-0.004160799086093903,0.021427370607852936,-0.004730336368083954,-0.07510636746883392,0.0347319021821022,15
2020-10-01,0.04719524830579758,-0.047096457332372665,-0.047307632863521576,0.04717887192964554,-0.047390393912792206,-0.04734690487384796,-0.04725883901119232,0.047208450734615326,0.007394901476800442,0.012224860489368439,0.015611458569765091,0.008227832615375519,0.003446511924266815,0.004112429916858673,-0.0351712629199028,-0.009608466178178787,15
2020-11-01,0.015110520645976067,-0.015076861716806889,-0.015099537558853626,0.015095267444849014,-0.01506571564823389,-0.015017849393188953,-0.015088366344571114,0.01504810806363821,0.01646517403423786,0.015459675341844559,0.01884922757744789,-0.012239862233400345,-0.006103783845901489,-0.016793424263596535,0.009702835232019424,0.009776034392416477,15
2020-12-01,0.048897694796323776,-0.048893555998802185,-0.048996806144714355,0.04891876131296158,-0.0491475872695446,-0.04912925139069557,-0.04896537959575653,0.049046847969293594,-0.01875096559524536,0.0012559257447719574,-0.008830294013023376,0.009856894612312317,0.01979215070605278,0.004200462251901627,-0.04404911398887634,0.027164528146386147,15
2021-01-01,0.0067772408947348595,-0.0067641581408679485,0.00676717609167099,-0.0068094776943326,0.006770954467356205,0.006783079355955124,0.006790571846067905,0.006764959078282118,-0.00042197853326797485,0.04832632094621658,0.031776849180459976,-0.010729525238275528,-0.00901094265282154,-0.013672806322574615,0.023659950122237206,-0.010011501610279083,16
2021-02-01,-0.028537482023239136,0.028523795306682587,-0.02850637212395668,0.028593823313713074,-0.02853882685303688,-0.02859516441822052,-0.028601424768567085,-0.028498899191617966,0.010895311832427979,0.017597746104002,0.04091405123472214,0.008388165384531021,-0.019986514002084732,-0.006598662585020065,0.02043812721967697,-0.017206773161888123,16
2021-03-01,-0.016136497259140015,0.01615964062511921,-0.016130728647112846,0.016128119081258774,-0.016178634017705917,-0.01622774638235569,-0.016124755144119263,-0.01615257002413273,0.015587560832500458,0.011952318251132965,0.0430019348859787,0.018317941576242447,-0.018439553678035736,-0.017748810350894928,0.00759458914399147,-0.016467619687318802,16
2021-04-01,-0.002196600427851081,0.002166212536394596,-0.0022160480730235577,0.002284048590809107,-0.0021935757249593735,-0.002183307893574238,-0.0022330263163894415,-0.0022011082619428635,1.103430986404419e-05,0.004099294543266296,0.026163898408412933,0.00017726607620716095,-0.010545272380113602,0.009474102407693863,0.007827028632164001,-0.010372404009103775,16
2021-05-01,0.02794179692864418,-0.027928348630666733,0.027942048385739326,-0.028040185570716858,0.027950160205364227,0.027981534600257874,0.027989719063043594,0.027943827211856842,-0.027600273489952087,0.0030115144327282906,0.019086580723524094,0.02205686643719673,-0.022319301962852478,-0.006963074207305908,0.007174964994192123,-0.021200019866228104,16
2021-06-01,-0.038176774978637695,0.03815932944417,-0.03815964609384537,0.03822438791394234,-0.03817864879965782,-0.038231223821640015,-0.03818811476230621,-0.03816165402531624,-0.0574105940759182,-0.0028610844165086746,0.033650826662778854,0.007902245968580246,-0.014235001057386398,0.024602778255939484,0.010921629145741463,0.01658741571009159,16
2021-07-01,-0.0002047926391242072,0.00022031758271623403,-0.00020895713532809168,0.00017937665688805282,-0.00020945421420037746,-0.00017908400332089514,-0.0002082428109133616,-0.00020334844884928316,-0.029634833335876465,0.021503165364265442,0.02139490656554699,-0.000568075105547905,-0.012568384408950806,-0.0035252906382083893,0.00455189123749733,-0.00396781787276268,16
2021-08-01,-0.0018295651534572244,0.0018312368774786592,-0.0018321338575333357,0.0018371964106336236,-0.0018305617850273848,-0.0018275913316756487,-0.001841532764956355,-0.0018283672397956252,-0.02339155226945877,0.028311144560575485,0.0284745991230011,-0.022322051227092743,-0.018009886145591736,-0.008836440742015839,0.005914792418479919,0.0024408288300037384,16
2021-09-01,-0.00970112718641758,0.009707465767860413,-0.009688463062047958,0.0096907839179039,-0.009700743481516838,-0.009745433926582336,-0.009689240716397762,-0.009695401415228844,-0.014330998063087463,0.06179085373878479,0.015625696629285812,-0.03322519734501839,-0.01064351573586464,-0.03224092721939087,0.007339533418416977,0.006048986688256264,16
2021-10-01,-0.021331343799829483,0.021303270012140274,-0.02131929062306881,0.021386319771409035,-0.021293414756655693,-0.021331392228603363,-0.021328605711460114,-0.02131108194589615,-0.01218654215335846,0.02826068550348282,0.030217483639717102,-0.023254532366991043,-0.016913454979658127,-0.00808386504650116,-0.010592807084321976,-0.00985167920589447,16
2021-11-01,-0.03810738027095795,0.03811830282211304,-0.03811810910701752,0.03812531754374504,-0.03813423216342926,-0.03814215213060379,-0.03811485320329666,-0.038122303783893585,-0.013801820576190948,0.04464654624462128,0.01236799731850624,-0.002138763666152954,-0.01588333398103714,-0.02703537791967392,-0.016110017895698547,-0.006875369697809219,16
2021-12-01,-0.03982127085328102,0.039785802364349365,-0.03977697342634201,0.039876457303762436,-0.03981349617242813,-0.039910465478897095,-0.03985554724931717,-0.039771564304828644,-0.010599054396152496,0.03523588925600052,0.032319601625204086,-0.00936305895447731,-0.023300308734178543,-0.02161470055580139,-0.008170031011104584,-0.011004678905010223,16
2022-01-01,-0.0002474034554325044,0.00026714656269177794,-0.0002213189727626741,-0.0002731282729655504,-0.0002174584660679102,-0.0002360820071771741,0.00026894203620031476,0.0001673949882388115,0.02180062234401703,0.028655683621764183,0.06149852275848389,0.055821459740400314,0.05973247438669205,0.04962313547730446,-0.028428630903363228,-0.0006839018315076828,17
2022-02-01,-0.002347849076613784,0.002352022798731923,-0.0023469633888453245,-0.002378349658101797,-0.00232350779697299,-0.0023318699095398188,0.00235644169151783,0.0022880854085087776,0.0033370433375239372,0.0373222753405571,0.03199012950062752,0.042861100286245346,0.04427654296159744,0.025596778839826584,-0.022512946277856827,0.008094526827335358,17
2022-03-01,0.03460276871919632,-0.03459895774722099,0.03463711589574814,0.03463222458958626,0.03458643704652786,0.03458835184574127,-0.03463898226618767,-0.034618377685546875,-0.004413589835166931,0.03795661777257919,0.012661355547606945,0.041410062462091446,0.05253865569829941,0.030576588585972786,-0.014418987557291985,-0.00852558109909296,17
2022-04-01,0.024183381348848343,-0.024203592911362648,0.024174977093935013,0.024223381653428078,0.024165533483028412,0.024131758138537407,-0.024244487285614014,-0.024149024859070778,0.018619880080223083,0.022221196442842484,0.03380798175930977,0.05000018700957298,0.0526324138045311,0.04747879505157471,-0.018658416345715523,0.013356762006878853,17
2022-05-01,0.012891745194792747,-0.01289348118007183,0.01288641057908535,0.01289520412683487,0.012903112918138504,0.012888762168586254,-0.012893838807940483,-0.012904729694128036,0.0051022665575146675,0.04373812675476074,0.01915157213807106,0.04260455444455147,0.034785233438014984,0.03144580498337746,-0.015088675543665886,0.02042185142636299,17
2022-06-01,-0.020092830061912537,0.02009493112564087,-0.02006305754184723,-0.020095180720090866,-0.020068923011422157,-0.020059604197740555,0.020114310085773468,0.020124195143580437,-0.000831245444715023,0.03165347874164581,0.005743424408137798,0.04191922768950462,0.03687857836484909,0.033830054104328156,-0.008844932541251183,0.006433215923607349,17
2022-07-01,-0.015365637838840485,0.015386085957288742,-0.015426944941282272,-0.015380971133708954,-0.015379585325717926,-0.015362600795924664,0.015383581630885601,0.015425372868776321,-0.00025179702788591385,0.040003105998039246,0.012427940033376217,0.02899988181889057,0.04525236040353775,0.026468560099601746,-0.02091297321021557,-0.004758466966450214,17
2022-08-01,0.008184327743947506,-0.00817488506436348,0.008232219144701958,0.008222878910601139,0.00817042589187622,0.008151432499289513,-0.008238769136369228,-0.008205432444810867,-0.0012573814019560814,0.03385788947343826,0.018470555543899536,0.026503190398216248,0.03893343359231949,0.024037351831793785,-0.0036408090963959694,-0.0008111419156193733,17
2022-09-01,0.008526334539055824,-0.008545264601707458,0.008492610417306423,0.008547510951757431,0.008510354906320572,0.008490325883030891,-0.00853949598968029,-0.008500303141772747,-0.0010502832010388374,0.03212082013487816,0.015418496914207935,0.0334673747420311,0.02886701375246048,0.024197526276111603,-0.0005320748314261436,0.012621394358575344,17
2022-10-01,0.024678414687514305,-0.024665934965014458,0.02473628520965576,0.0247108805924654,0.02466290071606636,0.024685047566890717,-0.024724330753087997,-0.024685267359018326,0.009587780572474003,0.03407365828752518,0.019290823489427567,0.04123861342668533,0.043649300932884216,0.023184001445770264,-0.023404734209179878,0.026790961623191833,17
2022-11-01,0.004814924672245979,-0.004817478824406862,0.0048027196899056435,0.004811306018382311,0.0048116659745574,0.0047922865487635136,-0.0048146555200219154,-0.004836307838559151,0.007333734072744846,0.010853881947696209,0.02616748958826065,0.04429931193590164,0.05846916511654854,0.02795984037220478,-0.011000528931617737,0.009573973715305328,17
2022-12-01,-0.030942358076572418,0.030940786004066467,-0.03095528669655323,-0.030961129814386368,-0.030964184552431107,-0.030913295224308968,0.030995335429906845,0.031003620475530624,0.006089440546929836,0.018463168293237686,0.011219571344554424,0.032901614904403687,0.03985948488116264,0.02851715311408043,0.005025623366236687,0.014873543754220009,17
2023-01-01,0.009528780356049538,-0.00949889700859785,0.009520329535007477,-0.009509648196399212,-0.009518444538116455,-0.009519383311271667,0.009526291862130165,0.009525357745587826,0.06403790414333344,0.012126125395298004,0.0371813103556633,-0.09858720749616623,-0.07547768950462341,-0.037535443902015686,0.0714869424700737,0.009594026952981949,18
2023-02-01,0.005771714262664318,-0.006162136793136597,0.005820323713123798,-0.005746610928326845,-0.00579789187759161,-0.005953514948487282,0.005815052893012762,0.005781004671007395,0.010511405766010284,0.015096955001354218,-0.00040634721517562866,-0.030926797538995743,-0.0012424252927303314,0.036744534969329834,-0.009508389979600906,-0.002110512927174568,18
2023-03-01,0.011569281108677387,-0.011495578102767467,0.01154869794845581,-0.011546888388693333,-0.011537561193108559,-0.011524401605129242,0.011554660275578499,0.011557369492948055,0.02061089128255844,0.006185472011566162,0.004098251461982727,-0.03981917351484299,-0.020322972908616066,0.012098937295377254,0.012555754743516445,-0.009071970358490944,18
2023-04-01,-0.018142901360988617,0.018175894394516945,-0.018210265785455704,0.01821981556713581,0.01822029985487461,0.018176715821027756,-0.018161123618483543,-0.018104149028658867,0.02368071675300598,0.016374923288822174,-0.00779661163687706,-0.05013208091259003,-0.01868772879242897,0.04442192241549492,-0.003329719416797161,-0.006757287308573723,18
2023-05-01,-0.0002980160352308303,0.0004109105793759227,-0.0003542838094290346,0.00033483406878076494,0.000360236968845129,0.00036384479608386755,-0.00033100476139225066,-0.000274102931143716,0.001834273338317871,0.00955364853143692,0.0018849819898605347,-0.034124430269002914,-0.0020325779914855957,0.010144542902708054,-0.008497687987983227,-0.004311749711632729,18
2023-06-01,-0.01715320721268654,0.017356952652335167,-0.01721932180225849,0.01718888245522976,0.017208032310009003,0.01728254184126854,-0.01718631014227867,-0.01713840663433075,0.035692326724529266,0.02610396221280098,-0.002948647364974022,-0.06021270900964737,-0.033750925213098526,0.03193936496973038,0.003743203356862068,-0.0036836396902799606,18
2023-07-01,0.021740596741437912,-0.021776815876364708,0.021725663915276527,-0.021687423810362816,-0.021717239171266556,-0.02174976095557213,0.021792426705360413,0.021740112453699112,0.029060998931527138,0.03728433698415756,-0.018252696841955185,-0.05965665727853775,-0.029146846383810043,0.04505855590105057,-0.0004974714829586446,-0.00042274780571460724,18
2023-08-01,0.014605613425374031,-0.014468040317296982,0.014553423970937729,-0.01459181122481823,-0.014572517946362495,-0.0145314522087574,0.01458551175892353,0.01461104303598404,0.007980335503816605,0.01021365262567997,-0.008318047970533371,-0.03343113139271736,0.0015297122299671173,0.04478123411536217,-0.014696613885462284,-0.011850101873278618,18
2023-09-01,0.02630821242928505,-0.025863496586680412,0.02624369226396084,-0.02637000009417534,-0.0262431837618351,-0.026095926761627197,0.026225697249174118,0.026216920465230942,0.0020428262650966644,0.011571895331144333,-0.009194940328598022,-0.02504371851682663,0.003717530518770218,0.046641815453767776,-0.017660176381468773,-0.010140007361769676,18
2023-10-01,-0.020079081878066063,0.019883375614881516,-0.02004891447722912,0.02010606974363327,0.020033420994877815,0.019978594034910202,-0.019994856789708138,-0.02002430148422718,-0.004585452377796173,0.007156644016504288,-0.01048482209444046,-0.0167403444647789,0.016775410622358322,0.05144066363573074,-0.026776600629091263,-0.015674782916903496,18
2023-11-01,-0.03747648000717163,0.03744193911552429,-0.03746045380830765,0.03750557079911232,0.03747624531388283,0.03746594488620758,-0.0374569408595562,-0.03748570382595062,5.428120493888855e-05,0.017955051735043526,-0.03723669797182083,-0.011677945032715797,0.02637142315506935,0.05890311300754547,-0.02659681811928749,-0.039504989981651306,18
2023-12-01,0.015777630731463432,-0.015701478347182274,0.015686936676502228,-0.015695080161094666,-0.015697140246629715,-0.015692805871367455,0.015721885487437248,0.015793468803167343,0.034443117678165436,0.040852732956409454,-0.017764989286661148,-0.050001807510852814,-0.036138784140348434,0.036431752145290375,0.005639953073114157,0.005657194182276726,18
2024-01-01,0.005678340792655945,0.005635316949337721,-0.005705118179321289,-0.0056664105504751205,-0.00564966257661581,0.005677955225110054,-0.00564923882484436,-0.00568219693377614,-0.009085595607757568,-0.004174374043941498,0.0062890686094760895,0.02647087723016739,0.0030209384858608246,-0.014860659837722778,0.017496569082140923,-0.013272743672132492,19
2024-02-01,-0.010127070359885693,-0.010120881721377373,0.010133182629942894,0.010112551972270012,0.010126777924597263,-0.010114151984453201,0.010118694044649601,0.010124030523002148,-0.02288142777979374,0.017093591392040253,-0.0036940239369869232,0.0038345977663993835,-0.002983473241329193,-0.012159112840890884,0.03310277312994003,-0.011702314019203186,19
2024-03-01,-0.017366381362080574,-0.01737290620803833,0.01735643297433853,0.017360461875796318,0.01738765276968479,-0.017366304993629456,0.017368258908391,0.01737930066883564,-0.027255047112703323,-0.0239286869764328,0.03038189932703972,0.02323349565267563,-0.0030827969312667847,-0.022280912846326828,0.020434370264410973,-0.021813079714775085,19
2024-04-01,0.0042313337326049805,0.004241889342665672,-0.004221754148602486,-0.0042196293361485004,-0.004219429567456245,0.004197314381599426,-0.004230732563883066,-0.004220267757773399,-0.0087444968521595,0.0017605163156986237,0.040203262120485306,0.01099671795964241,-0.005881983786821365,-0.029332030564546585,0.0131173525005579,-0.0017905272543430328,19
2024-05-01,-0.005918963346630335,-0.005931708961725235,0.0059113227762281895,0.005907433107495308,0.00590507360175252,-0.005897562485188246,0.005910216830670834,0.005920130293816328,-0.02938818372786045,-0.005830317735671997,0.019231058657169342,0.009251128882169724,-0.005812790244817734,-0.020612595602869987,0.024969080463051796,-0.020054608583450317,19
2024-06-01,0.013769027777016163,0.013776169158518314,-0.01368862483650446,-0.013791704550385475,-0.013790387660264969,0.013788009062409401,-0.013811754062771797,-0.013749106787145138,-0.018807169049978256,-0.0006883293390274048,0.013666398823261261,0.018049515783786774,0.0015581659972667694,-0.010649185627698898,0.02243407629430294,-0.01487499475479126,19
2024-07-01,-0.013034753501415253,-0.013026002794504166,0.013016553595662117,0.013023336417973042,0.013034776784479618,-0.013020108453929424,0.013029203750193119,0.013034540228545666,-0.035995110869407654,-0.01603715866804123,0.039165426045656204,0.010355409234762192,-0.025168852880597115,-0.03321542590856552,0.04168206453323364,-0.023179415613412857,19
2024-08-01,-0.004088868387043476,-0.004095861688256264,0.004092246759682894,0.004108311142772436,0.004107594955712557,-0.0041147079318761826,0.004119099583476782,0.004104600753635168,-0.019483253359794617,0.003881063312292099,-0.01667426899075508,0.019023563712835312,0.013533074408769608,-0.02551971562206745,0.016651751473546028,-0.035259559750556946,19
2024-09-01,0.005334045737981796,0.005359180271625519,-0.005374820437282324,-0.005312087945640087,-0.005344601813703775,0.005336878355592489,-0.0053300331346690655,-0.005337313748896122,-0.010021425783634186,0.005986165255308151,0.0030981190502643585,0.015755780041217804,0.01185903325676918,-0.0278556440025568,0.02277109958231449,-0.029628850519657135,19
2024-10-01,0.01460565347224474,0.014635026454925537,-0.014639172703027725,-0.01460488885641098,-0.014600053429603577,0.014609787613153458,-0.01461680606007576,-0.014629951678216457,0.0016317442059516907,0.011891085654497147,0.015293780714273453,0.01916668564081192,0.008457042276859283,-0.031207308173179626,0.02536124922335148,-0.02524888515472412,19
2024-11-01,-0.0001352203544229269,-0.00011763093061745167,0.00015527009963989258,0.00011106627061963081,0.00012594694271683693,-0.00012016156688332558,0.00010868511162698269,0.00013734959065914154,-0.03834528848528862,0.01258113607764244,-0.0026228725910186768,-0.007649168372154236,-0.014699261635541916,-0.017174772918224335,0.03928966820240021,-0.01446695625782013,19
