date,fold,hml,conditional_sdf_payoff
2011-01-31,1,-0.0047217700192890635,-0.002029766729281005
2011-02-28,1,0.0023500936114523793,0.002270948702721166
2011-03-31,1,0.01573004885011895,0.01727366742628913
2011-04-29,1,0.027691238065027754,0.02245667683055775
2011-05-31,1,0.02194889883690193,0.022072067538119248
2011-06-30,1,0.011219533064473042,0.006970340380965578
2011-07-29,1,0.028883189163394413,0.0148949033582302
2011-08-31,1,0.07551178774062815,0.042395143447137594
2011-09-30,1,-0.027145315254757524,-0.0014289011830305183
2011-10-31,1,0.02144420781658892,0.00029177648807596955
2011-11-30,1,0.011115407149084568,-0.0002983731077785554
2011-12-30,1,-0.059235535161865346,-0.002703654080170151
2012-01-31,2,-0.01594931737677527,0.001828069364546594
2012-02-29,2,0.028089219151281344,-0.0004977559938059456
2012-03-30,2,0.013066748227530539,-0.0015375256824668156
2012-04-30,2,0.02707727418546367,0.005559177029769023
2012-05-31,2,-0.01000006268526591,-0.0035482020009990275
2012-06-29,2,0.023236616964989305,0.006539197860184908
2012-07-31,2,-0.0025468473635788594,-5.007948188493636e-06
2012-08-31,2,-0.005870759512552063,-0.0015391994002924546
2012-09-28,2,0.038078558197850644,0.011716047110587815
2012-10-31,2,0.010675347180006756,0.0038437651532719544
2012-11-30,2,-0.009924165135059872,-0.003923861961896439
2012-12-31,2,0.00032468255717828243,0.00019866957866318367
2013-01-31,3,0.013554649008723236,0.002358072711517044
2013-02-28,3,0.010337726777415741,0.0021443283979988713
2013-03-28,3,-0.023751660623640317,-0.008598742255447827
2013-04-30,3,-0.03387239399497487,-0.015864722743326298
2013-05-31,3,0.0007701894861392835,-0.00013184324848072325
2013-06-28,3,-0.03836926647537064,-0.0020769480934901816
2013-07-31,3,-0.014687452677147415,0.002647138870307421
2013-08-30,3,-0.022646650717703345,0.0006692931965588274
2013-09-30,3,0.0481440904536222,0.02229858274179466
2013-10-31,3,-0.029300061904761907,0.01668046573020478
2013-11-29,3,0.004813314378482734,-0.0004114695079724416
2013-12-31,3,-0.05857018044788975,0.006484158436199476
2014-01-31,4,-0.015383955248858938,0.001479788848149063
2014-02-28,4,0.0750310672154497,-0.08848589046533775
2014-03-31,4,0.05775935016641065,-0.010995335920321396
2014-04-30,4,0.010450459043927648,0.007841405268367378
2014-05-30,4,-0.086840705411867,-0.02142473817708488
2014-06-30,4,0.058217988859764085,0.04183004743249533
2014-07-31,4,-0.027679658226472503,0.006155303520766506
2014-08-29,4,0.017242341309770433,0.006166983135287981
2014-09-30,4,-0.024871194879557718,0.010141733676661359
2014-10-31,4,0.056039796296296296,-0.058312062196447294
2014-11-28,4,-0.006229271861699793,0.0018581330425813645
2014-12-31,4,0.007052775947459088,-0.01345790403830307
2015-01-30,5,-0.026844671654254117,-0.04789074440331615
2015-02-27,5,0.014196535992175612,0.03157494189525005
2015-03-31,5,-0.007540527494023038,-0.0026679213046902368
2015-04-30,5,-0.03439012519201229,-0.09892742237406495
2015-05-29,5,-0.0048160415803492175,-0.012302489836195299
2015-06-30,5,0.03832732164191841,0.07065882089328442
2015-07-31,5,0.05310065872093022,0.003983384665434067
2015-08-31,5,0.11027320312230834,-0.11992122956298984
2015-09-30,5,-0.014072456094782415,0.020817841589446644
2015-10-30,5,-0.0605352477633094,-0.0383650723988648
2015-11-30,5,0.008971235762905337,0.002997368297369798
2015-12-31,5,0.16033764430790234,-0.11597711529668962
2016-01-29,6,0.037949081544964694,0.04603771518831243
2016-02-29,6,-0.05098350103514908,-0.09845381791982424
2016-03-31,6,-0.06677324445587052,-0.07970625697289808
2016-04-29,6,0.004361016670289071,0.012094185712604231
2016-05-31,6,0.025193682177787436,0.06505517661456672
2016-06-30,6,-0.047498375586854456,-0.18242112433987853
2016-07-29,6,-0.003360795025839792,-0.009842215945958601
2016-08-31,6,-0.053955534474590866,-0.20623272179281005
2016-09-30,6,0.09130581573161968,0.33990986605023876
2016-10-31,6,0.0031471007853977606,0.010622947633077133
2016-11-30,6,0.05045033224526369,0.09001863383865454
2016-12-30,6,-0.027275314294169867,-0.08432775876288177
2017-01-31,7,-0.021197428832902668,-0.06484578744960705
2017-02-28,7,-0.003433574633936261,-0.01746385076729747
2017-03-31,7,0.015693525366063738,0.081373073276089
2017-04-28,7,0.006432441860465116,0.03081204628842162
2017-05-31,7,-0.046067039182133306,-0.2432268600295578
2017-06-30,7,0.008338574720068907,0.04719921870826079
2017-07-31,7,0.008764710823733974,0.04344550614478861
2017-08-31,7,-0.03286656123133328,-0.18966990515405555
2017-09-29,7,0.05304031016919125,0.27847366209358815
2017-10-31,7,0.0053189668246445485,0.0205460996714385
2017-11-30,7,-0.03842603981752148,-0.1600508829940203
2017-12-29,7,-0.012508553038355918,-0.07059820278218565
2018-01-31,8,-0.0007224554648764883,-0.0033061283325616325
2018-02-28,8,0.035191572051327905,0.16150298222658951
2018-03-29,8,-0.009364339923267885,-0.051858796177134604
2018-04-30,8,-0.059913305164319246,-0.2990754274063068
2018-05-31,8,-0.009905150193798447,-0.05016257421015212
2018-06-29,8,0.014413844384707287,0.06786865894723754
2018-07-31,8,-0.03238350327653997,-0.1496706646990938
2018-08-31,8,0.019958239286163127,0.10458057671152333
2018-09-28,8,0.06825359652052596,0.28498451477911746
2018-10-31,8,0.021279644720524404,0.07737031347647567
2018-11-30,8,0.03490380959939195,0.17287643734413607
2018-12-31,8,-0.09440040387374461,-0.3264758883281322
2019-01-31,9,-0.017009445689179246,-0.10522503059568825
2019-02-28,9,-0.018473108658008653,-0.14428985154099674
2019-03-29,9,0.05823016234671126,0.4757045190061701
2019-04-30,9,0.04457415311004785,0.3034474592159262
2019-05-31,9,0.013759067049258729,0.08825505020753355
2019-06-28,9,0.05347156062098401,0.3655113917147969
2019-07-31,9,0.03167684920969936,0.21136962492792655
2019-08-30,9,0.04422356411185163,0.2184118942888345
2019-09-30,9,0.003508813725490197,0.024149831905834335
2019-10-31,9,-0.053643960569105684,-0.23777818177509696
2019-11-29,9,-0.04624015153036824,-0.12876146510183953
2019-12-31,9,0.02607567572815534,0.16582636424720745
2020-01-31,10,-0.047132151530368246,-0.2440818771926774
2020-02-28,10,0.062148697748879406,0.23097646530230845
2020-03-31,10,-0.13204023290476735,-0.6537386875369399
2020-04-30,10,-0.0710088219666931,-0.3370489676365023
2020-05-29,10,-0.09977342033399321,-0.5317198276179669
2020-06-30,10,0.015035414950248757,0.06362478126418161
2020-07-31,10,-0.021870005608935275,-0.08161272528295288
2020-08-31,10,-0.018658232493785468,-0.05624485696946511
2020-09-30,10,0.06801810144927536,0.20930259481746868
2020-10-30,10,-0.1789163028846154,-0.6942379399761758
2020-11-30,10,-0.03165687847178583,-0.011909464775070945
2020-12-31,10,-0.2389251728275361,-0.6364288341401746
2021-01-29,11,0.10047693466967815,-1.3778407535456945
2021-02-26,11,0.1190887552742616,-1.2798094346589886
2021-03-31,11,0.08019482228561549,-0.2613145863705135
2021-04-30,11,0.051891117096894875,-0.11421296658424263
2021-05-28,11,-0.10226984892981582,0.3031370882425812
2021-06-30,11,0.13989051699598393,-0.3996543672822567
2021-07-30,11,-0.002425325867988083,-0.0025186870061099337
2021-08-31,11,0.036469591199629454,-0.1883230852538223
2021-09-30,11,0.06043185039370079,-0.2380686938327994
2021-10-29,11,0.040457033101744644,-0.1935598835915114
2021-11-30,11,0.16218301784923797,-0.6679154260549202
2021-12-31,11,0.1355523780883534,-0.27625691576405076
2022-01-31,12,0.022662093255790224,-0.12494900702054078
2022-02-28,12,-0.016640722664353978,0.0889093889568125
2022-03-31,12,0.10393064483104716,-0.5634044339488118
2022-04-29,12,0.08756081904407333,-0.29647126370873256
2022-05-31,12,0.004438068283447533,-0.021648721376958138
2022-06-30,12,-0.064832859030837,0.21163967232006714
2022-07-29,12,-0.06210461650342981,0.3448191642385219
2022-08-31,12,0.003951127349415426,-0.025126551562444036
2022-09-30,12,0.07647125333333335,-0.4781910005807506
2022-10-31,12,0.05581565279387897,-0.2631334712083285
2022-11-30,12,0.008560494631268442,-0.04701447467503942
2022-12-30,12,-0.1016859949151185,0.1842171240459294
2023-01-31,13,0.04568663221947978,-0.11765010889377787
2023-02-28,13,0.0136516,-0.0545828809103728
2023-03-31,13,0.003955502262443438,-0.007953825291211684
2023-04-28,13,-0.06477586165221398,0.013532126996267107
2023-05-31,13,0.010305245655942166,0.0024418800961225734
2023-06-30,13,-0.03163915765765766,-0.0558481314186184
2023-07-31,13,0.07778951555555555,-0.04027450656316046
2023-08-31,13,0.03815507727272727,-0.018570763838526794
2023-09-29,13,0.08235027635658915,0.017777324400333198
2023-10-31,13,-0.06868560783118934,0.1465560660776444
2023-11-30,13,-0.12801439710932405,-0.19409507000895782
2023-12-29,13,0.06049452727272728,-0.01299323944268869
2024-01-31,14,-0.07965699951380376,-0.0732534849801131
2024-02-29,14,0.022458121486322313,-0.021504221906140868
2024-03-28,14,0.04863431443850268,-0.07941637799337414
2024-04-30,14,-0.006020192743324722,0.008360190401270798
2024-05-31,14,0.03730937987516232,0.04526108333080796
2024-06-28,14,-0.005645235917312655,-0.0071741836453346535
2024-07-31,14,0.03830880915261209,0.06746654100011763
2024-08-30,14,0.013938252117061022,0.011665337734163471
2024-09-30,14,-0.058154050228310494,-0.11206951679420706
2024-10-31,14,0.017182147773448966,-0.021327579559818188
2024-11-29,14,0.03939265364233012,-0.021191899586163226
